Tiempo(ms),Q1(deg),Q2(deg),Q3(deg),Q4(deg)
10,-0.09,0.06,-0.05,0.07
20,-0.09,0.06,-0.05,0.07
30,-0.09,0.06,-0.05,0.07
40,-0.09,0.06,-0.05,0.07
50,-0.09,0.06,-0.05,0.07
60,-0.09,0.06,-0.05,0.07
70,-0.09,0.06,-0.05,0.07
80,-0.09,0.06,-0.05,0.07
90,-0.09,0.06,-0.05,0.07
100,-0.09,0.06,-0.05,0.07
110,-0.09,0.06,-0.05,0.07
120,-0.09,0.06,-0.05,0.07
130,-0.09,0.06,-0.05,0.07
140,-0.09,0.06,-0.05,0.07
150,-0.09,0.06,-0.05,0.07
160,-0.09,0.06,-0.05,0.07
170,-0.09,0.06,-0.05,0.07
180,-0.09,0.06,-0.05,0.07
190,-0.09,0.06,-0.05,0.07
200,-0.09,0.06,-0.05,0.07
210,-0.09,0.06,-0.05,0.07
220,-0.09,0.06,-0.05,0.07
230,-0.09,0.06,-0.05,0.07
240,-0.09,0.06,-0.05,0.07
250,-0.09,0.06,-0.05,0.07
260,-0.09,0.06,-0.05,0.07
270,-0.09,0.06,-0.05,0.07
280,-0.09,0.06,-0.05,0.07
290,-0.09,0.06,-0.05,0.07
300,-0.09,0.06,-0.05,0.07
310,-0.09,0.06,-0.05,0.07
320,-0.09,0.06,-0.05,0.07
330,-0.09,0.06,-0.05,0.07
340,-0.09,0.06,-0.05,0.07
350,-0.09,0.06,-0.05,0.07
360,-0.09,0.06,-0.05,0.07
370,-0.09,0.06,-0.05,0.07
380,-0.09,0.06,-0.05,0.07
390,-0.09,0.06,-0.05,0.07
400,-0.09,0.06,-0.05,0.07
410,-0.09,0.06,-0.05,0.07
420,-0.09,0.06,-0.05,0.07
430,-0.09,0.06,-0.05,0.07
440,-0.09,0.06,-0.05,0.07
450,-0.09,0.06,-0.05,0.07
460,-0.09,0.06,-0.05,0.07
470,-0.09,0.06,-0.05,0.07
480,-0.09,0.06,-0.05,0.07
490,-0.09,0.06,-0.05,0.07
500,-0.09,0.06,-0.05,0.07
510,-0.09,0.06,-0.05,0.07
520,-0.09,0.06,-0.05,0.07
530,-0.09,0.06,-0.05,0.07
540,-0.09,0.06,-0.05,0.07
550,-0.09,0.06,-0.05,0.07
560,-0.09,0.06,-0.05,0.07
570,-0.09,0.06,-0.05,0.07
580,-0.09,0.06,-0.05,0.07
590,-0.09,0.06,-0.05,0.07
600,-0.09,0.06,-0.05,0.07
610,-0.09,0.06,-0.05,0.07
620,-0.09,0.06,-0.05,0.07
630,-0.09,0.06,-0.05,0.07
640,-0.09,0.06,-0.05,0.07
650,-0.09,0.06,-0.05,0.07
660,-0.09,0.06,-0.05,0.07
670,-0.09,0.06,-0.05,0.07
680,-0.09,0.06,-0.05,0.07
690,-0.09,0.06,-0.05,0.07
700,-0.09,0.06,-0.05,0.07
710,-0.09,0.06,-0.05,0.07
720,-0.09,0.06,-0.05,0.07
730,-0.09,0.06,-0.05,0.07
740,-0.09,0.06,-0.05,0.07
750,-0.09,0.06,-0.05,0.07
760,-0.09,0.06,-0.05,0.07
770,-0.09,0.06,-0.05,0.07
780,-0.09,0.06,-0.05,0.07
790,-0.09,0.06,-0.05,0.07
800,-0.09,0.06,-0.05,0.07
810,-0.09,0.06,-0.05,0.07
820,-0.09,0.06,-0.05,0.07
830,-0.09,0.06,-0.05,0.07
840,-0.09,0.06,-0.05,0.07
850,-0.09,0.06,-0.05,0.07
860,-0.09,0.06,-0.05,0.07
870,-0.09,0.06,-0.05,0.07
880,-0.09,0.06,-0.05,0.07
890,-0.09,0.06,-0.05,0.07
900,-0.09,0.06,-0.05,0.07
910,-0.09,0.06,-0.05,0.07
920,-0.09,0.06,-0.05,0.07
930,-0.09,0.06,-0.05,0.07
940,-0.09,0.06,-0.05,0.07
950,-0.09,0.06,-0.05,0.07
960,-0.09,0.06,-0.05,0.07
970,-0.09,0.06,-0.05,0.07
980,-0.09,0.06,-0.05,0.07
990,-0.09,0.06,-0.05,0.07
1000,-0.09,0.06,-0.05,0.07
1010,-0.09,0.06,-0.05,0.07
1020,-0.09,0.06,-0.05,0.07
1030,-0.09,0.06,-0.05,0.07
1040,-0.09,0.06,-0.05,0.07
1050,-0.09,0.06,-0.05,0.07
1060,-0.09,0.06,-0.05,0.07
1070,-0.09,0.06,-0.05,0.07
1080,-0.09,0.07,-0.05,0.08
1090,-0.09,0.07,-0.05,0.08
1100,-0.10,0.10,-0.05,0.11
1110,-0.11,0.14,-0.05,0.14
1120,-0.13,0.19,-0.05,0.19
1130,-0.15,0.25,-0.05,0.25
1140,-0.18,0.32,-0.05,0.32
1150,-0.22,0.40,-0.05,0.39
1160,-0.26,0.48,-0.05,0.48
1170,-0.31,0.57,-0.05,0.57
1180,-0.35,0.66,-0.05,0.67
1190,-0.41,0.75,-0.05,0.77
1200,-0.46,0.84,-0.05,0.88
1210,-0.52,0.94,-0.05,0.99
1220,-0.58,1.04,-0.05,1.10
1230,-0.64,1.14,-0.06,1.22
1240,-0.71,1.25,-0.08,1.35
1250,-0.78,1.35,-0.10,1.47
1260,-0.85,1.46,-0.12,1.60
1270,-0.93,1.57,-0.15,1.74
1280,-1.00,1.68,-0.19,1.87
1290,-1.08,1.79,-0.23,2.02
1300,-1.16,1.90,-0.27,2.16
1310,-1.24,2.01,-0.31,2.32
1320,-1.32,2.12,-0.36,2.47
1330,-1.41,2.23,-0.41,2.63
1340,-1.50,2.34,-0.47,2.80
1350,-1.59,2.45,-0.53,2.96
1360,-1.68,2.57,-0.59,3.14
1370,-1.77,2.68,-0.66,3.32
1380,-1.87,2.80,-0.73,3.50
1390,-1.97,2.91,-0.80,3.69
1400,-2.07,3.03,-0.88,3.89
1410,-2.17,3.16,-0.96,4.09
1420,-2.27,3.29,-1.05,4.30
1430,-2.38,3.42,-1.13,4.52
1440,-2.49,3.55,-1.23,4.74
1450,-2.59,3.68,-1.32,4.96
1460,-2.70,3.82,-1.42,5.20
1470,-2.82,3.95,-1.53,5.44
1480,-2.93,4.10,-1.64,5.68
1490,-3.04,4.24,-1.75,5.94
1500,-3.16,4.38,-1.86,6.20
1510,-3.28,4.53,-1.98,6.47
1520,-3.40,4.68,-2.11,6.74
1530,-3.52,4.84,-2.24,7.03
1540,-3.64,4.99,-2.37,7.33
1550,-3.77,5.15,-2.50,7.63
1560,-3.90,5.31,-2.65,7.95
1570,-4.04,5.48,-2.79,8.28
1580,-4.18,5.65,-2.94,8.62
1590,-4.32,5.83,-3.10,8.96
1600,-4.47,6.02,-3.26,9.31
1610,-4.62,6.20,-3.42,9.66
1620,-4.78,6.40,-3.59,10.02
1630,-4.94,6.59,-3.77,10.37
1640,-5.11,6.79,-3.95,10.73
1650,-5.28,7.00,-4.14,11.09
1660,-5.46,7.21,-4.33,11.46
1670,-5.64,7.42,-4.52,11.82
1680,-5.84,7.64,-4.72,12.18
1690,-6.03,7.86,-4.93,12.54
1700,-6.23,8.09,-5.14,12.90
1710,-6.44,8.33,-5.35,13.26
1720,-6.66,8.56,-5.57,13.62
1730,-6.88,8.80,-5.79,13.98
1740,-7.10,9.05,-6.01,14.34
1750,-7.33,9.31,-6.24,14.70
1760,-7.56,9.57,-6.47,15.06
1770,-7.80,9.84,-6.69,15.42
1780,-8.03,10.11,-6.92,15.78
1790,-8.27,10.39,-7.15,16.13
1800,-8.51,10.66,-7.38,16.49
1810,-8.75,10.94,-7.61,16.85
1820,-8.99,11.22,-7.84,17.21
1830,-9.23,11.49,-8.07,17.57
1840,-9.47,11.77,-8.29,17.93
1850,-9.71,12.05,-8.52,18.28
1860,-9.96,12.33,-8.75,18.64
1870,-10.20,12.60,-8.98,19.00
1880,-10.44,12.88,-9.21,19.36
1890,-10.69,13.16,-9.43,19.71
1900,-10.93,13.43,-9.66,20.07
1910,-11.17,13.71,-9.89,20.43
1920,-11.41,13.98,-10.11,20.79
1930,-11.66,14.26,-10.34,21.14
1940,-11.90,14.54,-10.56,21.50
1950,-12.14,14.81,-10.79,21.86
1960,-12.38,15.08,-11.02,22.21
1970,-12.62,15.35,-11.24,22.57
1980,-12.86,15.62,-11.47,22.93
1990,-13.10,15.89,-11.69,23.28
2000,-13.34,16.16,-11.91,23.64
2010,-13.58,16.43,-12.14,24.00
2020,-13.81,16.69,-12.36,24.35
2030,-14.05,16.96,-12.58,24.71
2040,-14.29,17.23,-12.80,25.06
2050,-14.52,17.51,-13.02,25.42
2060,-14.76,17.78,-13.25,25.77
2070,-15.00,18.05,-13.47,26.13
2080,-15.23,18.32,-13.69,26.49
2090,-15.46,18.59,-13.91,26.84
2100,-15.70,18.86,-14.14,27.20
2110,-15.93,19.12,-14.36,27.55
2120,-16.16,19.39,-14.58,27.91
2130,-16.39,19.66,-14.80,28.26
2140,-16.62,19.92,-15.02,28.62
2150,-16.85,20.18,-15.24,28.97
2160,-17.08,20.45,-15.46,29.33
2170,-17.31,20.71,-15.68,29.68
2180,-17.55,20.97,-15.90,30.04
2190,-17.78,21.24,-16.12,30.39
2200,-18.01,21.50,-16.35,30.74
2210,-18.24,21.76,-16.56,31.10
2220,-18.48,22.02,-16.78,31.45
2230,-18.71,22.28,-17.00,31.81
2240,-18.95,22.54,-17.22,32.16
2250,-19.18,22.80,-17.44,32.52
2260,-19.41,23.06,-17.66,32.87
2270,-19.65,23.32,-17.88,33.22
2280,-19.88,23.57,-18.10,33.58
2290,-20.12,23.83,-18.32,33.93
2300,-20.35,24.09,-18.53,34.28
2310,-20.58,24.35,-18.75,34.64
2320,-20.82,24.61,-18.97,34.99
2330,-21.05,24.87,-19.19,35.34
2340,-21.29,25.13,-19.40,35.70
2350,-21.52,25.39,-19.62,36.05
2360,-21.75,25.65,-19.84,36.40
2370,-21.99,25.91,-20.06,36.76
2380,-22.22,26.17,-20.28,37.11
2390,-22.46,26.43,-20.49,37.46
2400,-22.69,26.69,-20.71,37.82
2410,-22.92,26.95,-20.93,38.17
2420,-23.15,27.21,-21.15,38.53
2430,-23.39,27.47,-21.36,38.88
2440,-23.62,27.73,-21.58,39.24
2450,-23.85,27.99,-21.80,39.59
2460,-24.08,28.25,-22.01,39.94
2470,-24.31,28.51,-22.23,40.30
2480,-24.54,28.77,-22.45,40.65
2490,-24.77,29.02,-22.67,41.00
2500,-25.00,29.28,-22.88,41.36
2510,-25.23,29.53,-23.10,41.71
2520,-25.46,29.79,-23.32,42.07
2530,-25.69,30.05,-23.54,42.42
2540,-25.92,30.30,-23.76,42.77
2550,-26.16,30.56,-23.97,43.13
2560,-26.39,30.81,-24.19,43.48
2570,-26.62,31.07,-24.41,43.84
2580,-26.85,31.32,-24.63,44.19
2590,-27.08,31.58,-24.84,44.55
2600,-27.32,31.84,-25.06,44.90
2610,-27.55,32.09,-25.28,45.26
2620,-27.78,32.35,-25.50,45.61
2630,-28.01,32.61,-25.72,45.96
2640,-28.24,32.86,-25.94,46.32
2650,-28.47,33.11,-26.16,46.67
2660,-28.71,33.37,-26.38,47.03
2670,-28.94,33.62,-26.59,47.38
2680,-29.17,33.88,-26.81,47.74
2690,-29.40,34.14,-27.03,48.09
2700,-29.63,34.39,-27.25,48.45
2710,-29.87,34.65,-27.47,48.80
2720,-30.10,34.90,-27.69,49.15
2730,-30.33,35.16,-27.90,49.51
2740,-30.56,35.42,-28.12,49.86
2750,-30.79,35.67,-28.34,50.22
2760,-31.03,35.93,-28.56,50.57
2770,-31.26,36.18,-28.78,50.93
2780,-31.49,36.44,-29.00,51.28
2790,-31.72,36.69,-29.22,51.64
2800,-31.96,36.95,-29.43,51.99
2810,-32.19,37.20,-29.65,52.35
2820,-32.42,37.45,-29.87,52.70
2830,-32.66,37.71,-30.09,53.06
2840,-32.89,37.96,-30.31,53.41
2850,-33.12,38.22,-30.53,53.77
2860,-33.36,38.47,-30.75,54.12
2870,-33.59,38.73,-30.97,54.48
2880,-33.82,38.98,-31.18,54.83
2890,-34.06,39.23,-31.40,55.19
2900,-34.29,39.49,-31.62,55.54
2910,-34.53,39.74,-31.84,55.90
2920,-34.76,40.00,-32.06,56.26
2930,-34.99,40.25,-32.28,56.61
2940,-35.23,40.50,-32.50,56.97
2950,-35.46,40.76,-32.72,57.32
2960,-35.70,41.01,-32.94,57.68
2970,-35.93,41.26,-33.16,58.03
2980,-36.16,41.51,-33.38,58.39
2990,-36.40,41.76,-33.59,58.75
3000,-36.63,42.02,-33.81,59.10
3010,-36.86,42.27,-34.03,59.46
3020,-37.10,42.52,-34.26,59.81
3030,-37.33,42.77,-34.47,60.16
3040,-37.56,43.02,-34.69,60.52
3050,-37.80,43.27,-34.91,60.88
3060,-38.03,43.52,-35.13,61.23
3070,-38.27,43.77,-35.35,61.59
3080,-38.50,44.02,-35.57,61.94
3090,-38.73,44.27,-35.79,62.30
3100,-38.97,44.53,-36.01,62.66
3110,-39.20,44.78,-36.23,63.01
3120,-39.43,45.03,-36.45,63.37
3130,-39.67,45.28,-36.67,63.72
3140,-39.90,45.53,-36.89,64.08
3150,-40.14,45.79,-37.11,64.43
3160,-40.37,46.04,-37.32,64.79
3170,-40.61,46.29,-37.55,65.15
3180,-40.84,46.54,-37.76,65.50
3190,-41.07,46.78,-37.98,65.86
3200,-41.31,47.03,-38.20,66.22
3210,-41.55,47.28,-38.42,66.57
3220,-41.78,47.53,-38.64,66.93
3230,-42.02,47.79,-38.86,67.29
3240,-42.25,48.04,-39.08,67.64
3250,-42.49,48.29,-39.30,68.00
3260,-42.73,48.54,-39.53,68.35
3270,-42.96,48.79,-39.74,68.71
3280,-43.20,49.05,-39.97,69.07
3290,-43.44,49.30,-40.19,69.42
3300,-43.44,49.30,-40.19,69.42
3310,-43.67,49.55,-40.41,69.79
3320,-43.91,49.80,-40.63,70.14
3330,-44.15,50.05,-40.85,70.50
3340,-44.38,50.30,-41.07,70.86
3350,-44.62,50.54,-41.30,71.21
3360,-44.85,50.79,-41.52,71.57
3370,-45.09,51.04,-41.74,71.93
3380,-45.32,51.28,-41.96,72.28
3390,-45.56,51.53,-42.18,72.64
3400,-45.79,51.78,-42.40,73.00
3410,-46.03,52.03,-42.62,73.35
3420,-46.26,52.27,-42.84,73.71
3430,-46.49,52.52,-43.06,74.07
3440,-46.73,52.77,-43.29,74.43
3450,-46.96,53.01,-43.51,74.78
3460,-47.20,53.26,-43.73,75.14
3470,-47.43,53.51,-43.95,75.50
3480,-47.67,53.75,-44.17,75.86
3490,-47.90,54.00,-44.39,76.21
3500,-48.13,54.24,-44.61,76.57
3510,-48.37,54.49,-44.83,76.92
3520,-48.60,54.74,-45.05,77.28
3530,-48.84,54.99,-45.27,77.64
3540,-49.07,55.23,-45.49,78.00
3550,-49.31,55.48,-45.71,78.35
3560,-49.54,55.73,-45.93,78.71
3570,-49.78,55.98,-46.16,79.07
3580,-50.02,56.23,-46.37,79.43
3590,-50.25,56.47,-46.60,79.78
3600,-50.49,56.72,-46.82,80.14
3610,-50.73,56.96,-47.04,80.50
3620,-50.97,57.21,-47.26,80.86
3630,-51.21,57.45,-47.48,81.22
3640,-51.44,57.70,-47.71,81.57
3650,-51.68,57.95,-47.93,81.93
3660,-51.92,58.19,-48.15,82.28
3670,-52.16,58.44,-48.38,82.62
3680,-52.40,58.68,-48.60,82.95
3690,-52.63,58.93,-48.82,83.28
3700,-52.87,59.18,-49.04,83.58
3710,-53.11,59.42,-49.27,83.88
3720,-53.35,59.67,-49.49,84.16
3730,-53.59,59.91,-49.71,84.42
3740,-53.82,60.16,-49.94,84.67
3750,-54.06,60.41,-50.16,84.90
3760,-54.30,60.65,-50.39,85.12
3770,-54.54,60.90,-50.61,85.32
3780,-54.78,61.15,-50.83,85.52
3790,-55.01,61.39,-51.06,85.69
3800,-55.25,61.64,-51.28,85.86
3810,-55.49,61.88,-51.51,86.01
3820,-55.73,62.13,-51.73,86.14
3830,-55.97,62.38,-51.96,86.27
3840,-56.20,62.62,-52.18,86.39
3850,-56.44,62.87,-52.40,86.49
3860,-56.68,63.11,-52.62,86.59
3870,-56.92,63.35,-52.85,86.67
3880,-57.16,63.60,-53.07,86.75
3890,-57.40,63.84,-53.29,86.82
3900,-57.64,64.09,-53.52,86.88
3910,-57.88,64.33,-53.74,86.93
3920,-58.12,64.58,-53.97,86.97
3930,-58.36,64.83,-54.19,87.01
3940,-58.60,65.07,-54.41,87.03
3950,-58.85,65.32,-54.64,87.05
3960,-59.09,65.57,-54.86,87.06
3970,-59.33,65.81,-55.09,87.07
3980,-59.57,66.06,-55.31,87.07
3990,-59.81,66.31,-55.53,87.07
4000,-60.06,66.55,-55.76,87.06
4010,-60.30,66.79,-55.98,87.05
4020,-60.54,67.03,-56.21,87.04
4030,-60.78,67.28,-56.43,87.03
4040,-61.02,67.52,-56.66,87.03
4050,-61.26,67.77,-56.88,87.03
4060,-61.50,68.01,-57.11,87.04
4070,-61.75,68.25,-57.33,87.06
4080,-61.99,68.49,-57.56,87.08
4090,-62.23,68.74,-57.78,87.11
4100,-62.47,68.98,-58.01,87.14
4110,-62.71,69.22,-58.23,87.18
4120,-62.95,69.46,-58.46,87.23
4130,-63.19,69.70,-58.68,87.28
4140,-63.43,69.94,-58.91,87.32
4150,-63.67,70.18,-59.13,87.38
4160,-63.91,70.42,-59.36,87.43
4170,-64.15,70.67,-59.58,87.48
4180,-64.39,70.90,-59.81,87.54
4190,-64.63,71.15,-60.03,87.60
4200,-64.87,71.39,-60.26,87.65
4210,-65.11,71.63,-60.48,87.71
4220,-65.35,71.87,-60.70,87.76
4230,-65.60,72.11,-60.93,87.82
4240,-65.84,72.36,-61.16,87.88
4250,-66.08,72.60,-61.38,87.93
4260,-66.32,72.84,-61.61,87.98
4270,-66.56,73.08,-61.83,88.03
4280,-66.81,73.33,-62.06,88.09
4290,-67.05,73.57,-62.28,88.14
4300,-67.29,73.81,-62.51,88.19
4310,-67.54,74.05,-62.73,88.24
4320,-67.78,74.29,-62.95,88.29
4330,-68.02,74.54,-63.18,88.34
4340,-68.26,74.77,-63.40,88.38
4350,-68.50,75.02,-63.63,88.43
4360,-68.74,75.26,-63.86,88.48
4370,-68.97,75.50,-64.08,88.52
4380,-69.21,75.74,-64.31,88.57
4390,-69.44,75.98,-64.53,88.61
4400,-69.67,76.22,-64.76,88.65
4410,-69.90,76.46,-64.99,88.69
4420,-70.12,76.70,-65.21,88.73
4430,-70.35,76.94,-65.44,88.77
4440,-70.57,77.18,-65.66,88.80
4450,-70.79,77.42,-65.89,88.84
4460,-71.00,77.66,-66.12,88.87
4470,-71.22,77.89,-66.35,88.91
4480,-71.43,78.13,-66.57,88.94
4490,-71.64,78.37,-66.80,88.97
4500,-71.85,78.61,-67.02,89.00
4510,-72.06,78.85,-67.25,89.03
4520,-72.27,79.10,-67.47,89.06
4530,-72.47,79.34,-67.70,89.08
4540,-72.67,79.57,-67.92,89.11
4550,-72.87,79.82,-68.14,89.13
4560,-73.07,80.05,-68.36,89.16
4570,-73.27,80.29,-68.57,89.18
4580,-73.46,80.53,-68.79,89.21
4590,-73.65,80.77,-69.00,89.23
4600,-73.84,81.01,-69.21,89.25
4610,-74.03,81.24,-69.42,89.28
4620,-74.22,81.47,-69.62,89.30
4630,-74.40,81.70,-69.83,89.32
4640,-74.59,81.92,-70.03,89.34
4650,-74.77,82.14,-70.23,89.36
4660,-74.95,82.36,-70.43,89.38
4670,-75.13,82.57,-70.63,89.40
4680,-75.31,82.78,-70.82,89.42
4690,-75.48,82.99,-71.01,89.44
4700,-75.66,83.19,-71.20,89.45
4710,-75.83,83.39,-71.39,89.47
4720,-76.00,83.58,-71.58,89.49
4731,-76.17,83.77,-71.76,89.50
4741,-76.34,83.96,-71.95,89.52
4751,-76.51,84.14,-72.13,89.54
4761,-76.67,84.31,-72.30,89.55
4771,-76.83,84.49,-72.48,89.57
4781,-77.00,84.66,-72.66,89.58
4791,-77.16,84.82,-72.83,89.60
4801,-77.32,84.99,-73.00,89.61
4811,-77.47,85.14,-73.17,89.63
4821,-77.63,85.30,-73.34,89.64
4831,-77.78,85.46,-73.51,89.65
4841,-77.94,85.61,-73.67,89.66
4851,-78.09,85.75,-73.84,89.67
4861,-78.24,85.90,-74.00,89.69
4871,-78.39,86.04,-74.16,89.70
4881,-78.54,86.18,-74.32,89.71
4891,-78.69,86.32,-74.48,89.73
4901,-78.83,86.45,-74.63,89.74
4911,-78.98,86.58,-74.79,89.75
4921,-79.12,86.71,-74.94,89.76
4931,-79.26,86.84,-75.09,89.77
4941,-79.41,86.96,-75.24,89.78
4951,-79.55,87.08,-75.39,89.79
4961,-79.68,87.20,-75.54,89.80
4971,-79.82,87.32,-75.69,89.81
4981,-79.96,87.43,-75.83,89.82
4991,-80.10,87.54,-75.97,89.83
5001,-80.23,87.66,-76.11,89.84
5011,-80.37,87.77,-76.25,89.85
5021,-80.50,87.88,-76.39,89.86
5031,-80.63,87.98,-76.53,89.87
5041,-80.76,88.08,-76.67,89.88
5051,-80.89,88.19,-76.80,89.89
5061,-81.02,88.29,-76.94,89.90
5071,-81.15,88.39,-77.07,89.90
5081,-81.27,88.48,-77.20,89.91
5091,-81.40,88.58,-77.33,89.91
5101,-81.52,88.68,-77.46,89.91
5111,-81.65,88.77,-77.59,89.91
5121,-81.77,88.87,-77.72,89.91
5131,-81.89,88.96,-77.84,89.91
5141,-82.01,89.05,-77.97,89.91
5151,-82.13,89.14,-78.09,89.91
5161,-82.25,89.23,-78.22,89.90
5171,-82.37,89.31,-78.34,89.90
5181,-82.49,89.40,-78.46,89.90
5191,-82.60,89.48,-78.58,89.90
5201,-82.72,89.57,-78.70,89.90
5211,-82.83,89.65,-78.81,89.90
5221,-82.95,89.73,-78.93,89.90
5231,-83.06,89.81,-79.05,89.90
5241,-83.17,89.89,-79.16,89.89
5251,-83.29,89.96,-79.27,89.89
5261,-83.40,90.02,-79.39,89.89
5271,-83.51,90.06,-79.50,89.89
5281,-83.62,90.08,-79.61,89.89
5291,-83.72,90.10,-79.72,89.89
5301,-83.83,90.11,-79.83,89.89
5311,-83.94,90.11,-79.94,89.89
5321,-84.04,90.11,-80.04,89.88
5331,-84.15,90.11,-80.15,89.88
5341,-84.25,90.10,-80.26,89.88
5351,-84.36,90.10,-80.36,89.88
5361,-84.46,90.09,-80.47,89.88
5371,-84.56,90.09,-80.57,89.88
5381,-84.66,90.08,-80.67,89.88
5391,-84.76,90.07,-80.77,89.88
5401,-84.86,90.07,-80.87,89.88
5411,-84.96,90.06,-80.97,89.88
5421,-85.06,90.05,-81.07,89.88
5431,-85.15,90.05,-81.17,89.88
5441,-85.25,90.04,-81.27,89.87
5451,-85.35,90.03,-81.36,89.87
5461,-85.44,90.03,-81.46,89.87
5471,-85.54,90.02,-81.55,89.87
5481,-85.64,90.01,-81.65,89.87
5491,-85.73,90.01,-81.74,89.87
5501,-85.83,90.00,-81.83,89.87
5511,-85.92,90.00,-81.93,89.87
5521,-86.01,89.99,-82.02,89.87
5531,-86.11,89.99,-82.11,89.87
5541,-86.20,89.98,-82.20,89.87
5551,-86.29,89.98,-82.29,89.87
5561,-86.38,89.97,-82.37,89.87
5571,-86.47,89.97,-82.46,89.87
5581,-86.56,89.96,-82.55,89.87
5591,-86.65,89.96,-82.63,89.87
5601,-86.74,89.96,-82.72,89.87
5611,-86.83,89.95,-82.81,89.87
5621,-86.91,89.95,-82.89,89.87
5631,-87.00,89.94,-82.98,89.86
5641,-87.08,89.94,-83.06,89.86
5651,-87.16,89.94,-83.14,89.86
5661,-87.25,89.93,-83.22,89.86
5671,-87.33,89.93,-83.30,89.86
5681,-87.41,89.93,-83.38,89.86
5691,-87.49,89.92,-83.46,89.86
5701,-87.57,89.92,-83.54,89.86
5711,-87.65,89.92,-83.62,89.86
5721,-87.73,89.92,-83.70,89.86
5731,-87.81,89.91,-83.77,89.86
5741,-87.89,89.91,-83.85,89.86
5751,-87.97,89.91,-83.93,89.86
5761,-88.05,89.90,-84.00,89.86
5771,-88.13,89.90,-84.08,89.86
5781,-88.20,89.90,-84.16,89.86
5791,-88.28,89.90,-84.23,89.86
5801,-88.36,89.90,-84.30,89.86
5811,-88.43,89.89,-84.37,89.86
5821,-88.51,89.89,-84.45,89.86
5831,-88.58,89.89,-84.52,89.86
5841,-88.65,89.89,-84.59,89.86
5851,-88.72,89.89,-84.66,89.86
5861,-88.80,89.88,-84.73,89.86
5871,-88.87,89.88,-84.80,89.86
5881,-88.94,89.88,-84.87,89.86
5891,-89.01,89.88,-84.94,89.86
5901,-89.08,89.88,-85.01,89.86
5911,-89.14,89.88,-85.08,89.86
5921,-89.21,89.87,-85.15,89.86
5931,-89.28,89.87,-85.21,89.86
5941,-89.35,89.87,-85.28,89.86
5951,-89.41,89.87,-85.35,89.86
5961,-89.48,89.87,-85.41,89.86
5971,-89.55,89.87,-85.48,89.86
5981,-89.61,89.87,-85.54,89.86
5991,-89.68,89.87,-85.60,89.86
6001,-89.74,89.86,-85.67,89.86
6011,-89.80,89.86,-85.73,89.86
6021,-89.87,89.86,-85.79,89.86
6031,-89.93,89.86,-85.85,89.86
6041,-89.99,89.86,-85.92,89.86
6051,-90.04,89.86,-85.98,89.86
6061,-90.09,89.86,-86.06,89.86
6071,-90.11,89.86,-86.12,89.86
6081,-90.13,89.86,-86.18,89.86
6091,-90.13,89.86,-86.23,89.86
6101,-90.14,89.85,-86.29,89.86
6111,-90.14,89.85,-86.34,89.86
6121,-90.14,89.85,-86.40,89.86
6131,-90.14,89.85,-86.46,89.86
6141,-90.13,89.85,-86.51,89.86
6151,-90.13,89.85,-86.57,89.85
6161,-90.13,89.85,-86.62,89.85
6171,-90.12,89.85,-86.68,89.85
6181,-90.12,89.85,-86.73,89.85
6191,-90.12,89.85,-86.78,89.85
6201,-90.11,89.85,-86.84,89.85
6211,-90.11,89.85,-86.89,89.85
6221,-90.10,89.85,-86.94,89.85
6231,-90.10,89.85,-86.99,89.85
6241,-90.10,89.84,-87.05,89.85
6251,-90.09,89.84,-87.10,89.85
6261,-90.09,89.84,-87.15,89.85
6271,-90.08,89.84,-87.20,89.85
6281,-90.08,89.84,-87.25,89.85
6291,-90.08,89.84,-87.30,89.85
6301,-90.07,89.84,-87.35,89.85
6311,-90.07,89.84,-87.39,89.85
6321,-90.07,89.84,-87.44,89.85
6331,-90.06,89.84,-87.49,89.85
6341,-90.06,89.84,-87.53,89.85
6351,-90.06,89.84,-87.58,89.85
6361,-90.06,89.84,-87.62,89.85
6371,-90.05,89.84,-87.67,89.85
6381,-90.05,89.84,-87.71,89.85
6391,-90.05,89.84,-87.76,89.85
6401,-90.04,89.84,-87.80,89.85
6411,-90.04,89.84,-87.85,89.85
6421,-90.04,89.84,-87.89,89.85
6431,-90.04,89.84,-87.93,89.85
6441,-90.04,89.84,-87.98,89.85
6451,-90.03,89.84,-88.02,89.85
6461,-90.03,89.84,-88.06,89.85
6471,-90.03,89.84,-88.11,89.85
6481,-90.03,89.84,-88.15,89.85
6491,-90.03,89.84,-88.19,89.85
6501,-90.02,89.84,-88.23,89.85
6511,-90.02,89.84,-88.28,89.85
6521,-90.02,89.84,-88.32,89.85
6531,-90.02,89.83,-88.36,89.85
6541,-90.02,89.83,-88.40,89.85
6551,-90.02,89.83,-88.44,89.85
6561,-90.01,89.83,-88.47,89.85
6571,-90.01,89.83,-88.51,89.85
6581,-90.01,89.83,-88.55,89.85
6591,-90.01,89.83,-88.59,89.85
6601,-90.01,89.83,-88.63,89.85
6611,-90.01,89.83,-88.66,89.85
6621,-90.01,89.83,-88.70,89.85
6631,-90.00,89.83,-88.73,89.85
6641,-90.00,89.83,-88.77,89.85
6651,-90.00,89.83,-88.80,89.85
6661,-90.00,89.83,-88.84,89.85
6671,-90.00,89.83,-88.87,89.85
6681,-90.00,89.83,-88.91,89.85
6691,-90.00,89.83,-88.94,89.85
6701,-90.00,89.83,-88.97,89.85
6711,-90.00,89.83,-89.01,89.85
6721,-90.00,89.83,-89.04,89.85
6731,-89.99,89.83,-89.07,89.85
6741,-89.99,89.83,-89.10,89.85
6751,-89.99,89.83,-89.13,89.85
6761,-89.99,89.83,-89.16,89.85
6771,-89.99,89.83,-89.19,89.85
6781,-89.99,89.83,-89.22,89.85
6791,-89.99,89.83,-89.24,89.85
6801,-89.99,89.83,-89.27,89.85
6811,-89.99,89.83,-89.30,89.85
6821,-89.99,89.83,-89.33,89.85
6831,-89.99,89.83,-89.35,89.85
6841,-89.99,89.83,-89.38,89.85
6851,-89.99,89.83,-89.41,89.85
6861,-89.99,89.83,-89.43,89.85
6871,-89.98,89.83,-89.46,89.85
6881,-89.98,89.83,-89.48,89.85
6891,-89.98,89.83,-89.51,89.85
6901,-89.98,89.83,-89.54,89.85
6911,-89.98,89.83,-89.56,89.85
6921,-89.98,89.83,-89.58,89.85
6931,-89.98,89.83,-89.61,89.85
6941,-89.98,89.83,-89.63,89.85
6951,-89.98,89.83,-89.65,89.85
6961,-89.98,89.83,-89.67,89.85
6971,-89.98,89.83,-89.69,89.85
6981,-89.98,89.83,-89.72,89.85
6991,-89.98,89.83,-89.74,89.85
7001,-89.98,89.83,-89.76,89.85
7011,-89.98,89.83,-89.78,89.85
7021,-89.98,89.83,-89.80,89.85
7031,-89.98,89.83,-89.82,89.85
7041,-89.98,89.83,-89.84,89.85
7051,-89.98,89.83,-89.86,89.85
7061,-89.98,89.83,-89.88,89.85
7073,-89.98,89.83,-89.90,89.85
7083,-89.98,89.83,-89.92,89.85
7093,-89.98,89.83,-89.93,89.85
7103,-89.98,89.83,-89.94,89.85
7113,-89.98,89.83,-89.95,89.85
7123,-89.98,89.83,-89.95,89.85
7133,-89.97,89.83,-89.95,89.85
7143,-89.97,89.83,-89.95,89.85
7153,-89.97,89.83,-89.95,89.85
7163,-89.97,89.83,-89.95,89.85
7173,-89.97,89.83,-89.95,89.85
7183,-89.97,89.83,-89.95,89.85
7193,-89.97,89.83,-89.95,89.85
7203,-89.97,89.83,-89.95,89.85
7213,-89.97,89.83,-89.94,89.85
7223,-89.97,89.83,-89.94,89.85
7233,-89.97,89.83,-89.94,89.85
7243,-89.97,89.83,-89.94,89.85
7253,-89.97,89.83,-89.94,89.85
7263,-89.97,89.83,-89.94,89.85
7273,-89.97,89.83,-89.94,89.85
7283,-89.97,89.83,-89.93,89.85
7293,-89.97,89.83,-89.93,89.85
7303,-89.97,89.83,-89.93,89.85
7313,-89.97,89.83,-89.93,89.85
7323,-89.97,89.83,-89.93,89.85
7333,-89.97,89.83,-89.93,89.85
7343,-89.97,89.83,-89.93,89.85
7353,-89.97,89.83,-89.92,89.85
7363,-89.97,89.83,-89.92,89.85
7373,-89.97,89.83,-89.92,89.85
7383,-89.97,89.83,-89.92,89.85
7393,-89.97,89.83,-89.92,89.85
7403,-89.97,89.83,-89.92,89.85
7413,-89.97,89.83,-89.92,89.85
7423,-89.97,89.83,-89.92,89.85
7433,-89.97,89.83,-89.92,89.85
7443,-89.97,89.83,-89.91,89.85
7453,-89.97,89.83,-89.91,89.85
7463,-89.97,89.83,-89.91,89.85
7473,-89.97,89.83,-89.91,89.85
7483,-89.97,89.83,-89.91,89.85
7493,-89.97,89.83,-89.91,89.85
7503,-89.97,89.83,-89.91,89.85
7513,-89.97,89.83,-89.91,89.85
7523,-89.97,89.83,-89.91,89.85
7533,-89.97,89.83,-89.91,89.85
7543,-89.97,89.83,-89.91,89.85
7553,-89.97,89.83,-89.91,89.85
7563,-89.97,89.83,-89.91,89.85
7573,-89.97,89.83,-89.90,89.85
7583,-89.97,89.83,-89.90,89.85
7593,-89.97,89.83,-89.90,89.85
7603,-89.97,89.83,-89.90,89.85
7613,-89.97,89.83,-89.90,89.85
7623,-89.97,89.83,-89.90,89.85
7633,-89.97,89.83,-89.90,89.85
7643,-89.97,89.83,-89.90,89.85
7653,-89.97,89.83,-89.90,89.85
7663,-89.97,89.83,-89.90,89.85
7673,-89.97,89.83,-89.90,89.85
7683,-89.97,89.83,-89.90,89.85
7693,-89.97,89.83,-89.90,89.85
7703,-89.97,89.83,-89.90,89.85
7713,-89.97,89.83,-89.90,89.85
7723,-89.97,89.83,-89.90,89.85
7733,-89.97,89.83,-89.90,89.85
7743,-89.97,89.83,-89.90,89.85
7753,-89.97,89.83,-89.90,89.85
7763,-89.97,89.83,-89.90,89.85
7773,-89.97,89.83,-89.90,89.85
7783,-89.97,89.83,-89.90,89.85
7793,-89.97,89.83,-89.89,89.85
7803,-89.97,89.83,-89.89,89.85
7813,-89.97,89.83,-89.89,89.85
7823,-89.97,89.83,-89.89,89.85
7833,-89.97,89.83,-89.89,89.85
7843,-89.97,89.83,-89.89,89.85
7853,-89.97,89.83,-89.89,89.85
7863,-89.97,89.83,-89.89,89.85
7873,-89.97,89.83,-89.89,89.85
7883,-89.97,89.83,-89.89,89.85
7893,-89.97,89.83,-89.89,89.85
7903,-89.97,89.83,-89.89,89.85
7913,-89.97,89.83,-89.89,89.85
7923,-89.97,89.83,-89.89,89.85
7933,-89.97,89.83,-89.89,89.85
7943,-89.97,89.83,-89.89,89.85
7953,-89.97,89.83,-89.89,89.85
7963,-89.97,89.83,-89.89,89.85
7973,-89.97,89.83,-89.89,89.85
7983,-89.97,89.83,-89.89,89.85
7993,-89.97,89.83,-89.89,89.85