Tiempo (s),Datos Seriales
0.0,0.19
0.0014285714285714286,0.0
0.002857142857142857,0.19
0.004285714285714286,0.19
0.005714285714285714,0.19
0.007142857142857143,0.19
0.008571428571428572,0.19
0.01,0.19
0.011428571428571429,0.19
0.012857142857142857,0.19
0.014285714285714285,0.19
0.015714285714285715,0.19
0.017142857142857144,0.0
0.018571428571428572,0.19
0.02,0.19
0.02142857142857143,0.19
0.022857142857142857,0.19
0.024285714285714285,0.37
0.025714285714285714,10.88
0.027142857142857142,75.75
0.02857142857142857,137.81
0.03,204.56
0.03142857142857143,274.5
0.032857142857142856,347.06
0.03428571428571429,421.31
0.03571428571428571,500.25
0.037142857142857144,579.0
0.03857142857142857,661.69
0.04,746.63
0.041428571428571426,831.94
0.04285714285714286,916.69
0.04428571428571428,997.69
0.045714285714285714,1083.38
0.047142857142857146,1168.5
0.04857142857142857,1251.94
0.05,1338.56
0.05142857142857143,1423.13
0.05285714285714286,1505.63
0.054285714285714284,1594.88
0.055714285714285716,1685.44
0.05714285714285714,1782.56
0.05857142857142857,1880.81
0.06,1972.13
0.06142857142857143,2055.94
0.06285714285714286,2135.44
0.06428571428571428,2206.87
0.06571428571428571,2278.87
0.06714285714285714,2345.44
0.06857142857142857,2412.0
0.07,2475.19
0.07142857142857142,2538.56
0.07285714285714286,2590.69
0.07428571428571429,2641.12
0.07571428571428572,2690.25
0.07714285714285714,2728.12
0.07857142857142857,2766.94
0.08,2801.06
0.08142857142857143,2831.62
0.08285714285714285,2867.44
0.08428571428571428,2899.87
0.08571428571428572,2925.19
0.08714285714285715,2951.62
0.08857142857142856,2964.37
0.09,2967.37
0.09142857142857143,2967.0
0.09285714285714286,2962.5
0.09428571428571429,2951.25
0.09571428571428571,2924.81
0.09714285714285714,2895.19
0.09857142857142857,2856.56
0.1,2817.56
0.10142857142857142,2770.87
0.10285714285714286,2720.06
0.10428571428571429,2670.37
0.10571428571428572,2607.75
0.10714285714285714,2542.31
0.10857142857142857,2475.94
0.11,2405.44
0.11142857142857143,2341.12
0.11285714285714285,2277.37
0.11428571428571428,2213.25
0.11571428571428571,2149.69
0.11714285714285715,2085.19
0.11857142857142858,2017.13
0.12,1951.13
0.12142857142857143,1885.13
0.12285714285714286,1816.13
0.12428571428571429,1755.19
0.12571428571428572,1694.06
0.12714285714285714,1636.88
0.12857142857142856,1578.38
0.13,1523.81
0.13142857142857142,1460.06
0.13285714285714287,1406.44
0.13428571428571429,1342.13
0.1357142857142857,1275.75
0.13714285714285715,1210.5
0.13857142857142857,1143.75
0.14,1068.75
0.14142857142857143,992.63
0.14285714285714285,918.38
0.1442857142857143,842.44
0.1457142857142857,763.5
0.14714285714285713,687.0
0.14857142857142858,615.38
0.15,546.94
0.15142857142857144,478.31
0.15285714285714286,410.25
0.15428571428571428,348.38
0.15571428571428572,290.44
0.15714285714285714,242.63
0.15857142857142856,194.25
0.16,153.38
0.16142857142857142,125.62
0.16285714285714287,105.19
0.16428571428571428,91.5
0.1657142857142857,85.5
0.16714285714285715,84.37
0.16857142857142857,84.56
0.17,85.12
0.17142857142857143,85.87
0.17285714285714285,86.62
0.1742857142857143,87.0
0.1757142857142857,87.0
0.17714285714285713,87.0
0.17857142857142858,87.0
0.18,87.0
0.18142857142857144,87.19
0.18285714285714286,87.19
0.18428571428571427,87.19
0.18571428571428572,87.75
0.18714285714285714,89.62
0.18857142857142858,90.0
0.19,92.44
0.19142857142857142,97.31
0.19285714285714287,102.75
0.19428571428571428,114.56
0.1957142857142857,126.19
0.19714285714285715,142.13
0.19857142857142857,166.31
0.2,198.56
0.20142857142857143,236.06
0.20285714285714285,277.69
0.2042857142857143,325.31
0.2057142857142857,373.69
0.20714285714285716,427.69
0.20857142857142857,485.44
0.21,544.13
0.21142857142857144,605.25
0.21285714285714286,669.19
0.21428571428571427,737.06
0.21571428571428572,802.31
0.21714285714285714,868.69
0.21857142857142858,936.0
0.22,998.81
0.22142857142857142,1067.63
0.22285714285714286,1135.69
0.22428571428571428,1197.19
0.2257142857142857,1257.56
0.22714285714285715,1320.75
0.22857142857142856,1379.81
0.23,1439.44
0.23142857142857143,1495.31
0.23285714285714285,1551.75
0.2342857142857143,1609.88
0.2357142857142857,1664.06
0.23714285714285716,1718.63
0.23857142857142857,1780.31
0.24,1840.69
0.24142857142857144,1908.0
0.24285714285714285,1965.19
0.24428571428571427,2019.75
0.24571428571428572,2067.56
0.24714285714285714,2119.5
0.24857142857142858,2166.19
0.25,2210.06
0.25142857142857145,2255.25
0.25285714285714284,2296.5
0.2542857142857143,2331.37
0.2557142857142857,2373.75
0.2571428571428571,2411.62
0.25857142857142856,2447.62
0.26,2482.31
0.26142857142857145,2513.62
0.26285714285714284,2543.44
0.2642857142857143,2565.56
0.26571428571428574,2591.06
0.2671428571428571,2610.0
0.26857142857142857,2629.5
0.27,2644.69
0.2714285714285714,2662.12
0.27285714285714285,2676.0
0.2742857142857143,2679.94
0.2757142857142857,2681.06
0.27714285714285714,2678.62
0.2785714285714286,2673.37
0.28,2651.06
0.2814285714285714,2623.87
0.28285714285714286,2586.37
0.2842857142857143,2543.44
0.2857142857142857,2493.0
0.28714285714285714,2446.12
0.2885714285714286,2394.19
0.29,2342.06
0.2914285714285714,2296.87
0.29285714285714287,2246.06
0.29428571428571426,2193.75
0.2957142857142857,2140.12
0.29714285714285715,2086.69
0.2985714285714286,2033.06
0.3,1977.38
0.30142857142857143,1929.56
0.3028571428571429,1877.25
0.30428571428571427,1827.38
0.3057142857142857,1786.13
0.30714285714285716,1741.13
0.30857142857142855,1695.19
0.31,1653.38
0.31142857142857144,1606.5
0.31285714285714283,1553.63
0.3142857142857143,1503.56
0.3157142857142857,1446.94
0.3171428571428571,1391.81
0.31857142857142856,1332.0
0.32,1264.88
0.32142857142857145,1198.88
0.32285714285714284,1128.38
0.3242857142857143,1053.19
0.32571428571428573,978.38
0.3271428571428571,906.75
0.32857142857142857,831.94
0.33,756.38
0.3314285714285714,679.31
0.33285714285714285,607.88
0.3342857142857143,536.63
0.3357142857142857,468.19
0.33714285714285713,396.75
0.3385714285714286,330.19
0.34,259.5
0.3414285714285714,189.19
0.34285714285714286,125.44
0.3442857142857143,64.5
0.3457142857142857,6.19
0.34714285714285714,0.56
0.3485714285714286,0.19
0.35,0.19
0.3514285714285714,0.19
0.35285714285714287,0.19
0.35428571428571426,0.19
0.3557142857142857,0.19
0.35714285714285715,0.19
0.3585714285714286,0.0
0.36,0.19
0.36142857142857143,0.19
0.3628571428571429,0.19
0.36428571428571427,0.19
0.3657142857142857,0.19
0.36714285714285716,0.0
0.36857142857142855,0.19
0.37,0.0
0.37142857142857144,0.0
0.37285714285714283,0.19
0.3742857142857143,0.19
0.3757142857142857,0.0
0.37714285714285717,0.19
0.37857142857142856,0.19
0.38,0.19
0.38142857142857145,0.19
0.38285714285714284,0.0
0.3842857142857143,0.19
0.38571428571428573,0.19
0.3871428571428571,0.19
0.38857142857142857,0.37
0.39,0.56
0.3914285714285714,19.31
0.39285714285714285,84.75
0.3942857142857143,145.31
0.39571428571428574,215.06
0.39714285714285713,286.88
0.3985714285714286,359.63
0.4,435.38
0.4014285714285714,511.13
0.40285714285714286,587.06
0.4042857142857143,663.56
0.4057142857142857,741.0
0.40714285714285714,818.25
0.4085714285714286,895.69
0.41,973.31
0.4114285714285714,1052.44
0.41285714285714287,1131.94
0.4142857142857143,1207.5
0.4157142857142857,1286.25
0.41714285714285715,1365.0
0.4185714285714286,1446.0
0.42,1531.31
0.42142857142857143,1613.81
0.4228571428571429,1695.19
0.42428571428571427,1781.81
0.4257142857142857,1864.69
0.42714285714285716,1949.81
0.42857142857142855,2022.0
0.43,2089.12
0.43142857142857144,2149.31
0.43285714285714283,2206.12
0.4342857142857143,2261.25
0.4357142857142857,2315.25
0.43714285714285717,2363.06
0.43857142857142856,2412.56
0.44,2460.0
0.44142857142857145,2500.69
0.44285714285714284,2541.0
0.4442857142857143,2573.62
0.44571428571428573,2608.69
0.4471428571428571,2637.94
0.44857142857142857,2671.87
0.45,2697.75
0.4514285714285714,2723.62
0.45285714285714285,2750.25
0.4542857142857143,2772.56
0.45571428571428574,2799.37
0.45714285714285713,2828.06
0.4585714285714286,2850.0
0.46,2878.69
0.4614285714285714,2902.69
0.46285714285714286,2929.69
0.4642857142857143,2954.62
0.4657142857142857,2982.75
0.46714285714285714,3003.75
0.4685714285714286,3030.56
0.47,3052.87
0.4714285714285714,3079.12
0.47285714285714286,3102.75
0.4742857142857143,3126.19
0.4757142857142857,3149.25
0.47714285714285715,3165.75
0.4785714285714286,3175.69
0.48,3177.19
0.48142857142857143,3177.94
0.4828571428571429,3176.62
0.48428571428571426,3170.25
0.4857142857142857,3160.12
0.48714285714285716,3144.0
0.48857142857142855,3122.25
0.49,3098.25
0.49142857142857144,3065.62
0.4928571428571429,3030.19
0.4942857142857143,2991.0
0.4957142857142857,2949.19
0.49714285714285716,2895.56
0.49857142857142855,2840.62
0.5,2784.19
0.5014285714285714,2722.12
0.5028571428571429,2660.25
0.5042857142857143,2594.06
0.5057142857142857,2531.06
0.5071428571428571,2465.81
0.5085714285714286,2399.44
0.51,2335.69
0.5114285714285715,2277.19
0.5128571428571429,2222.25
0.5142857142857142,2166.19
0.5157142857142857,2110.5
0.5171428571428571,2052.37
0.5185714285714286,1996.31
0.52,1940.63
0.5214285714285715,1872.94
0.5228571428571429,1805.25
0.5242857142857142,1737.75
0.5257142857142857,1671.56
0.5271428571428571,1607.81
0.5285714285714286,1540.13
0.53,1470.19
0.5314285714285715,1405.88
0.5328571428571428,1326.75
0.5342857142857143,1246.88
0.5357142857142857,1168.69
0.5371428571428571,1085.25
0.5385714285714286,1001.81
0.54,921.0
0.5414285714285715,838.13
0.5428571428571428,753.94
0.5442857142857143,670.5
0.5457142857142857,588.0
0.5471428571428572,511.5
0.5485714285714286,446.25
0.55,379.31
0.5514285714285714,319.88
0.5528571428571428,256.31
0.5542857142857143,189.94
0.5557142857142857,127.69
0.5571428571428572,69.94
0.5585714285714286,10.5
0.56,0.56
0.5614285714285714,0.37
0.5628571428571428,0.19
0.5642857142857143,0.37
0.5657142857142857,0.19
0.5671428571428572,0.19
0.5685714285714286,0.37
0.57,0.19
0.5714285714285714,0.37
0.5728571428571428,0.37
0.5742857142857143,0.56
0.5757142857142857,0.56
0.5771428571428572,13.31
0.5785714285714286,68.25
0.58,119.25
0.5814285714285714,176.25
0.5828571428571429,244.69
0.5842857142857143,314.63
0.5857142857142857,384.19
0.5871428571428572,460.5
0.5885714285714285,536.06
0.59,615.38
0.5914285714285714,692.06
0.5928571428571429,774.56
0.5942857142857143,855.0
0.5957142857142858,937.5
0.5971428571428572,1020.0
0.5985714285714285,1108.13
0.6,1195.5
0.6014285714285714,1284.75
0.6028571428571429,1373.25
0.6042857142857143,1457.44
0.6057142857142858,1548.0
0.6071428571428571,1640.63
0.6085714285714285,1736.81
0.61,1837.69
0.6114285714285714,1941.56
0.6128571428571429,2024.44
0.6142857142857143,2100.37
0.6157142857142857,2162.06
0.6171428571428571,2220.37
0.6185714285714285,2272.69
0.62,2319.75
0.6214285714285714,2361.37
0.6228571428571429,2406.19
0.6242857142857143,2447.62
0.6257142857142857,2487.37
0.6271428571428571,2529.37
0.6285714285714286,2562.0
0.63,2599.87
0.6314285714285715,2632.31
0.6328571428571429,2667.75
0.6342857142857142,2695.12
0.6357142857142857,2720.25
0.6371428571428571,2743.5
0.6385714285714286,2763.0
0.64,2782.5
0.6414285714285715,2799.75
0.6428571428571429,2811.37
0.6442857142857142,2820.75
0.6457142857142857,2824.31
0.6471428571428571,2822.81
0.6485714285714286,2819.44
0.65,2809.69
0.6514285714285715,2791.87
0.6528571428571428,2771.81
0.6542857142857142,2739.37
0.6557142857142857,2705.25
0.6571428571428571,2663.62
0.6585714285714286,2616.56
0.66,2567.62
0.6614285714285715,2518.31
0.6628571428571428,2471.06
0.6642857142857143,2424.56
0.6657142857142857,2377.87
0.6671428571428571,2328.56
0.6685714285714286,2282.25
0.67,2230.31
0.6714285714285714,2175.37
0.6728571428571428,2117.25
0.6742857142857143,2057.25
0.6757142857142857,1989.94
0.6771428571428572,1918.5
0.6785714285714286,1832.44
0.68,1752.94
0.6814285714285714,1672.5
0.6828571428571428,1597.88
0.6842857142857143,1524.0
0.6857142857142857,1449.75
0.6871428571428572,1382.44
0.6885714285714286,1315.13
0.69,1250.25
0.6914285714285714,1187.63
0.6928571428571428,1127.25
0.6942857142857143,1062.19
0.6957142857142857,997.13
0.6971428571428572,930.38
0.6985714285714286,857.06
0.7,779.81
0.7014285714285714,704.81
0.7028571428571428,626.25
0.7042857142857143,543.56
0.7057142857142857,458.06
0.7071428571428572,369.0
0.7085714285714285,281.06
0.71,189.56
0.7114285714285714,102.75
0.7128571428571429,13.88
0.7142857142857143,0.37
0.7157142857142857,0.19
0.7171428571428572,0.19
0.7185714285714285,0.19
0.72,0.19
0.7214285714285714,0.0
0.7228571428571429,0.19
0.7242857142857143,0.0
0.7257142857142858,0.19
0.7271428571428571,0.0
0.7285714285714285,0.19
0.73,0.19
0.7314285714285714,0.0
0.7328571428571429,0.19
0.7342857142857143,0.0
0.7357142857142858,0.0
0.7371428571428571,0.19
0.7385714285714285,0.19
0.74,0.19
0.7414285714285714,0.0
0.7428571428571429,0.0
0.7442857142857143,0.0
0.7457142857142857,0.19
0.7471428571428571,0.0
0.7485714285714286,0.19
0.75,0.19
0.7514285714285714,0.19
0.7528571428571429,0.19
0.7542857142857143,0.19
0.7557142857142857,0.37
0.7571428571428571,1.88
0.7585714285714286,63.94
0.76,136.69
0.7614285714285715,213.94
0.7628571428571429,292.31
0.7642857142857142,369.19
0.7657142857142857,446.25
0.7671428571428571,519.75
0.7685714285714286,595.69
0.77,670.69
0.7714285714285715,745.31
0.7728571428571429,819.38
0.7742857142857142,894.56
0.7757142857142857,967.88
0.7771428571428571,1044.75
0.7785714285714286,1124.44
0.78,1200.38
0.7814285714285715,1279.13
0.7828571428571428,1353.0
0.7842857142857143,1430.06
0.7857142857142857,1504.5
0.7871428571428571,1574.44
0.7885714285714286,1651.69
0.79,1726.88
0.7914285714285715,1805.81
0.7928571428571428,1888.31
0.7942857142857143,1966.13
0.7957142857142857,2033.81
0.7971428571428572,2094.37
0.7985714285714286,2145.0
0.8,2192.25
0.8014285714285714,2235.94
0.8028571428571428,2274.94
0.8042857142857143,2307.56
0.8057142857142857,2333.62
0.8071428571428572,2362.5
0.8085714285714286,2386.69
0.81,2413.31
0.8114285714285714,2440.12
0.8128571428571428,2467.31
0.8142857142857143,2491.31
0.8157142857142857,2518.12
0.8171428571428572,2543.81
0.8185714285714286,2562.0
0.82,2584.12
0.8214285714285714,2601.19
0.8228571428571428,2610.37
0.8242857142857143,2613.75
0.8257142857142857,2613.75
0.8271428571428572,2610.19
0.8285714285714286,2604.37
0.83,2590.69
0.8314285714285714,2573.06
0.8328571428571429,2555.25
0.8342857142857143,2538.37
0.8357142857142857,2513.62
0.8371428571428572,2491.87
0.8385714285714285,2472.37
0.84,2448.75
0.8414285714285714,2425.69
0.8428571428571429,2399.06
0.8442857142857143,2368.12
0.8457142857142858,2339.44
0.8471428571428572,2315.44
0.8485714285714285,2283.19
0.85,2247.94
0.8514285714285714,2212.5
0.8528571428571429,2172.19
0.8542857142857143,2132.44
0.8557142857142858,2083.12
0.8571428571428571,2030.81
0.8585714285714285,1972.88
0.86,1915.13
0.8614285714285714,1844.06
0.8628571428571429,1779.75
0.8642857142857143,1711.69
0.8657142857142857,1651.88
0.8671428571428571,1592.06
0.8685714285714285,1535.06
0.87,1477.88
0.8714285714285714,1428.56
0.8728571428571429,1371.38
0.8742857142857143,1316.25
0.8757142857142857,1265.44
0.8771428571428571,1213.5
0.8785714285714286,1164.75
0.88,1116.38
0.8814285714285715,1065.56
0.8828571428571429,1016.81
0.8842857142857142,967.69
0.8857142857142857,924.38
0.8871428571428571,878.63
0.8885714285714286,834.19
0.89,784.31
0.8914285714285715,736.5
0.8928571428571429,688.13
0.8942857142857142,641.63
0.8957142857142857,591.94
0.8971428571428571,546.56
0.8985714285714286,498.56
0.9,454.69
0.9014285714285715,406.5
0.9028571428571428,349.5
0.9042857142857142,292.13
0.9057142857142857,232.69
0.9071428571428571,168.38
0.9085714285714286,111.75
0.91,53.06
0.9114285714285715,1.88
0.9128571428571428,0.37
0.9142857142857143,0.19
0.9157142857142857,0.19
0.9171428571428571,0.19
0.9185714285714286,0.0
0.92,0.19
0.9214285714285714,0.0
0.9228571428571428,0.19
0.9242857142857143,0.19
0.9257142857142857,0.0
0.9271428571428572,0.19
0.9285714285714286,0.19
0.93,0.19
0.9314285714285714,0.0
0.9328571428571428,0.19
0.9342857142857143,0.0
0.9357142857142857,0.19
0.9371428571428572,0.19
0.9385714285714286,0.19
0.94,0.19
0.9414285714285714,0.0
0.9428571428571428,0.0
0.9442857142857143,0.19
0.9457142857142857,0.19
0.9471428571428572,0.0
0.9485714285714286,0.19
0.95,0.19
0.9514285714285714,0.19
0.9528571428571428,0.19
0.9542857142857143,0.0
0.9557142857142857,0.0
0.9571428571428572,0.0
0.9585714285714285,0.0
0.96,0.19
0.9614285714285714,0.19
0.9628571428571429,0.0
0.9642857142857143,0.19
0.9657142857142857,0.19
0.9671428571428572,0.19
0.9685714285714285,0.0
0.97,0.19
0.9714285714285714,0.19
0.9728571428571429,0.19
0.9742857142857143,0.19
0.9757142857142858,0.0
0.9771428571428571,0.19
0.9785714285714285,0.19
0.98,0.0
0.9814285714285714,0.19
0.9828571428571429,0.19
0.9842857142857143,0.19
0.9857142857142858,0.19
0.9871428571428571,0.19
0.9885714285714285,0.19
0.99,0.37
0.9914285714285714,0.37
0.9928571428571429,2.81
0.9942857142857143,43.13
0.9957142857142857,90.94
0.9971428571428571,137.81
0.9985714285714286,190.88
1.0,246.75
1.0014285714285713,303.19
1.002857142857143,359.44
1.0042857142857142,414.94
1.0057142857142858,476.25
1.0071428571428571,534.56
1.0085714285714287,595.88
1.01,660.56
1.0114285714285713,725.63
1.012857142857143,792.0
1.0142857142857142,858.0
1.0157142857142858,919.31
1.0171428571428571,974.44
1.0185714285714285,1030.5
1.02,1084.69
1.0214285714285714,1140.19
1.022857142857143,1191.19
1.0242857142857142,1236.38
1.0257142857142858,1286.06
1.0271428571428571,1331.44
1.0285714285714285,1376.25
1.03,1425.94
1.0314285714285714,1467.94
1.032857142857143,1524.94
1.0342857142857143,1572.56
1.0357142857142858,1627.69
1.0371428571428571,1679.81
1.0385714285714285,1735.13
1.04,1789.5
1.0414285714285714,1842.38
1.042857142857143,1901.63
1.0442857142857143,1948.5
1.0457142857142858,1990.31
1.0471428571428572,2032.69
1.0485714285714285,2072.81
1.05,2112.37
1.0514285714285714,2149.5
1.052857142857143,2184.37
1.0542857142857143,2223.56
1.0557142857142856,2259.37
1.0571428571428572,2294.06
1.0585714285714285,2330.06
1.06,2365.69
1.0614285714285714,2401.5
1.062857142857143,2437.69
1.0642857142857143,2472.0
1.0657142857142856,2507.06
1.0671428571428572,2547.0
1.0685714285714285,2579.44
1.07,2617.12
1.0714285714285714,2656.87
1.072857142857143,2691.37
1.0742857142857143,2725.12
1.0757142857142856,2760.56
1.0771428571428572,2793.37
1.0785714285714285,2827.31
1.08,2858.06
1.0814285714285714,2890.31
1.082857142857143,2913.56
1.0842857142857143,2945.81
1.0857142857142856,2964.56
1.0871428571428572,2982.94
1.0885714285714285,2990.44
1.09,2999.25
1.0914285714285714,3009.56
1.0928571428571427,3012.94
1.0942857142857143,3013.12
1.0957142857142856,3016.5
1.0971428571428572,3017.44
1.0985714285714285,3016.31
1.1,3018.0
1.1014285714285714,3018.94
1.1028571428571428,3017.06
1.1042857142857143,3018.37
1.1057142857142856,3016.87
1.1071428571428572,3016.5
1.1085714285714285,3016.87
1.11,3016.31
1.1114285714285714,3016.5
1.1128571428571428,3017.25
1.1142857142857143,3016.5
1.1157142857142857,3016.5
1.1171428571428572,3016.87
1.1185714285714285,3016.12
1.12,3016.31
1.1214285714285714,3012.37
1.1228571428571428,3012.94
1.1242857142857143,3010.69
1.1257142857142857,3011.44
1.1271428571428572,3007.31
1.1285714285714286,3003.0
1.13,2996.06
1.1314285714285715,2989.12
1.1328571428571428,2983.5
1.1342857142857143,2968.87
1.1357142857142857,2957.62
1.1371428571428572,2940.0
1.1385714285714286,2913.56
1.14,2893.31
1.1414285714285715,2863.87
1.1428571428571428,2829.19
1.1442857142857144,2792.06
1.1457142857142857,2752.31
1.1471428571428572,2712.0
1.1485714285714286,2670.75
1.15,2626.31
1.1514285714285715,2584.12
1.1528571428571428,2540.25
1.1542857142857144,2494.12
1.1557142857142857,2447.44
1.1571428571428573,2395.69
1.1585714285714286,2339.81
1.16,2286.94
1.1614285714285715,2227.31
1.1628571428571428,2165.44
1.1642857142857144,2104.31
1.1657142857142857,2037.0
1.167142857142857,1967.44
1.1685714285714286,1896.38
1.17,1822.5
1.1714285714285715,1760.25
1.1728571428571428,1702.13
1.1742857142857144,1651.5
1.1757142857142857,1600.5
1.177142857142857,1549.69
1.1785714285714286,1507.88
1.18,1461.75
1.1814285714285715,1423.69
1.1828571428571428,1380.19
1.1842857142857144,1337.81
1.1857142857142857,1287.19
1.187142857142857,1231.13
1.1885714285714286,1182.38
1.19,1130.63
1.1914285714285715,1077.19
1.1928571428571428,1027.88
1.1942857142857144,978.75
1.1957142857142857,929.44
1.197142857142857,874.31
1.1985714285714286,819.19
1.2,757.5
1.2014285714285715,689.63
1.2028571428571428,625.13
1.2042857142857142,555.56
1.2057142857142857,488.25
1.207142857142857,420.19
1.2085714285714286,355.88
1.21,292.31
1.2114285714285715,230.63
1.2128571428571429,169.69
1.2142857142857142,117.94
1.2157142857142857,67.87
1.217142857142857,13.31
1.2185714285714286,0.37
1.22,0.37
1.2214285714285715,0.19
1.2228571428571429,0.19
1.2242857142857142,0.19
1.2257142857142858,0.19
1.227142857142857,0.19
1.2285714285714286,0.0
1.23,0.19
1.2314285714285713,0.19
1.2328571428571429,0.19
1.2342857142857142,0.0
1.2357142857142858,0.0
1.237142857142857,0.0
1.2385714285714287,0.0
1.24,0.19
1.2414285714285713,0.0
1.2428571428571429,0.19
1.2442857142857142,0.0
1.2457142857142858,0.0
1.247142857142857,0.19
1.2485714285714287,0.0
1.25,0.19
1.2514285714285713,0.19
1.252857142857143,0.19
1.2542857142857142,0.0
1.2557142857142858,0.19
1.2571428571428571,0.19
1.2585714285714287,0.19
1.26,0.0
1.2614285714285713,0.0
1.262857142857143,0.19
1.2642857142857142,0.19
1.2657142857142858,0.19
1.2671428571428571,0.19
1.2685714285714285,0.19
1.27,0.19
1.2714285714285714,0.37
1.272857142857143,0.37
1.2742857142857142,0.56
1.2757142857142858,3.38
1.2771428571428571,37.88
1.2785714285714285,79.5
1.28,119.62
1.2814285714285714,155.81
1.282857142857143,196.88
1.2842857142857143,239.63
1.2857142857142858,282.38
1.2871428571428571,329.81
1.2885714285714285,376.69
1.29,425.44
1.2914285714285714,477.38
1.292857142857143,525.38
1.2942857142857143,578.06
1.2957142857142858,635.63
1.2971428571428572,688.31
1.2985714285714285,745.31
1.3,796.31
1.3014285714285714,851.63
1.302857142857143,904.88
1.3042857142857143,958.31
1.3057142857142856,1011.38
1.3071428571428572,1068.94
1.3085714285714285,1128.56
1.31,1182.38
1.3114285714285714,1234.13
1.312857142857143,1292.63
1.3142857142857143,1347.38
1.3157142857142856,1403.25
1.3171428571428572,1455.56
1.3185714285714285,1515.0
1.32,1568.25
1.3214285714285714,1632.56
1.322857142857143,1696.5
1.3242857142857143,1765.5
1.3257142857142856,1831.69
1.3271428571428572,1903.5
1.3285714285714285,1968.19
1.33,2029.5
1.3314285714285714,2088.0
1.332857142857143,2139.37
1.3342857142857143,2189.81
1.3357142857142856,2236.31
1.3371428571428572,2280.37
1.3385714285714285,2321.06
1.34,2355.19
1.3414285714285714,2394.37
1.3428571428571427,2429.62
1.3442857142857143,2466.75
1.3457142857142856,2497.87
1.3471428571428572,2534.44
1.3485714285714285,2566.69
1.35,2608.87
1.3514285714285714,2646.94
1.3528571428571428,2689.69
1.3542857142857143,2726.44
1.3557142857142856,2765.06
1.3571428571428572,2799.19
1.3585714285714285,2828.44
1.36,2852.06
1.3614285714285714,2877.19
1.3628571428571428,2900.25
1.3642857142857143,2918.25
1.3657142857142857,2937.0
1.3671428571428572,2955.0
1.3685714285714285,2964.37
1.37,2968.87
1.3714285714285714,2970.37
1.3728571428571428,2968.87
1.3742857142857143,2967.19
1.3757142857142857,2962.69
1.3771428571428572,2948.44
1.3785714285714286,2927.44
1.38,2903.44
1.3814285714285715,2878.69
1.3828571428571428,2845.69
1.3842857142857143,2813.44
1.3857142857142857,2778.19
1.3871428571428572,2739.94
1.3885714285714286,2703.94
1.39,2665.87
1.3914285714285715,2624.44
1.3928571428571428,2584.12
1.3942857142857144,2546.81
1.3957142857142857,2505.37
1.3971428571428572,2467.69
1.3985714285714286,2423.06
1.4,2380.69
1.4014285714285715,2336.44
1.4028571428571428,2295.56
1.4042857142857144,2250.19
1.4057142857142857,2202.75
1.4071428571428573,2152.5
1.4085714285714286,2100.37
1.41,2041.13
1.4114285714285715,1980.75
1.4128571428571428,1920.0
1.4142857142857144,1846.31
1.4157142857142857,1782.19
1.417142857142857,1717.88
1.4185714285714286,1657.5
1.42,1598.25
1.4214285714285715,1539.56
1.4228571428571428,1479.19
1.4242857142857144,1426.69
1.4257142857142857,1364.63
1.427142857142857,1302.94
1.4285714285714286,1237.5
1.43,1176.38
1.4314285714285715,1112.25
1.4328571428571428,1048.13
1.4342857142857144,985.88
1.4357142857142857,928.31
1.437142857142857,870.75
1.4385714285714286,817.69
1.44,767.44
1.4414285714285715,716.81
1.4428571428571428,670.5
1.4442857142857144,625.31
1.4457142857142857,575.63
1.447142857142857,528.19
1.4485714285714286,482.63
1.45,434.44
1.4514285714285715,385.13
1.4528571428571428,337.5
1.4542857142857142,284.63
1.4557142857142857,233.81
1.457142857142857,180.56
1.4585714285714286,133.69
1.46,88.87
1.4614285714285715,45.56
1.4628571428571429,4.13
1.4642857142857142,0.56
1.4657142857142857,0.37
1.467142857142857,0.19
1.4685714285714286,0.19
1.47,0.19
1.4714285714285715,0.19
1.4728571428571429,0.19
1.4742857142857142,0.19
1.4757142857142858,0.19
1.477142857142857,0.0
1.4785714285714286,0.19
1.48,0.19
1.4814285714285713,0.0
1.4828571428571429,0.19
1.4842857142857142,0.0
1.4857142857142858,0.0
1.487142857142857,0.19
1.4885714285714287,0.0
1.49,0.0
1.4914285714285713,0.0
1.4928571428571429,0.19
1.4942857142857142,0.0
1.4957142857142858,0.19
1.497142857142857,0.19
1.4985714285714287,0.19
1.5,0.0
1.5014285714285713,0.19
1.502857142857143,0.19
1.5042857142857142,0.19
1.5057142857142858,0.19
1.5071428571428571,0.19
1.5085714285714287,0.0
1.51,0.19
1.5114285714285713,0.0
1.512857142857143,0.19
1.5142857142857142,0.0
1.5157142857142858,0.0
1.5171428571428571,0.0
1.5185714285714285,0.0
1.52,0.19
1.5214285714285714,0.19
1.522857142857143,0.19
1.5242857142857142,0.19
1.5257142857142858,0.0
1.5271428571428571,0.19
1.5285714285714285,0.0
1.53,0.19
1.5314285714285714,0.0
1.532857142857143,0.19
1.5342857142857143,0.19
1.5357142857142858,0.19
1.5371428571428571,0.19
1.5385714285714285,0.56
1.54,11.44
1.5414285714285714,62.25
1.542857142857143,105.56
1.5442857142857143,149.25
1.5457142857142858,200.25
1.5471428571428572,251.81
1.5485714285714285,301.69
1.55,353.81
1.5514285714285714,403.69
1.552857142857143,458.81
1.5542857142857143,510.19
1.5557142857142856,564.56
1.5571428571428572,618.75
1.5585714285714285,669.56
1.56,722.06
1.5614285714285714,776.81
1.562857142857143,832.31
1.5642857142857143,885.0
1.5657142857142856,939.94
1.5671428571428572,993.94
1.5685714285714285,1051.31
1.57,1109.06
1.5714285714285714,1165.31
1.572857142857143,1218.56
1.5742857142857143,1276.31
1.5757142857142856,1331.63
1.5771428571428572,1383.56
1.5785714285714285,1437.19
1.58,1484.81
1.5814285714285714,1536.75
1.582857142857143,1582.13
1.5842857142857143,1633.88
1.5857142857142856,1682.63
1.5871428571428572,1735.69
1.5885714285714285,1788.38
1.59,1838.44
1.5914285714285714,1894.88
1.5928571428571427,1943.81
1.5942857142857143,1986.56
1.5957142857142856,2033.44
1.5971428571428572,2078.44
1.5985714285714285,2121.94
1.6,2163.75
1.6014285714285714,2202.37
1.6028571428571428,2246.62
1.6042857142857143,2289.56
1.6057142857142856,2328.56
1.6071428571428572,2369.06
1.6085714285714285,2413.31
1.61,2454.94
1.6114285714285714,2489.81
1.6128571428571428,2529.75
1.6142857142857143,2562.0
1.6157142857142857,2597.25
1.6171428571428572,2630.44
1.6185714285714285,2667.19
1.62,2699.25
1.6214285714285714,2728.69
1.6228571428571428,2762.06
1.6242857142857143,2793.37
1.6257142857142857,2822.25
1.6271428571428572,2847.75
1.6285714285714286,2879.25
1.63,2902.5
1.6314285714285715,2928.94
1.6328571428571428,2955.37
1.6342857142857143,2975.62
1.6357142857142857,2995.12
1.6371428571428572,3015.56
1.6385714285714286,3032.62
1.64,3044.25
1.6414285714285715,3063.56
1.6428571428571428,3071.62
1.6442857142857144,3077.62
1.6457142857142857,3078.94
1.6471428571428572,3075.94
1.6485714285714286,3072.37
1.65,3063.0
1.6514285714285715,3045.0
1.6528571428571428,3031.31
1.6542857142857144,3007.5
1.6557142857142857,2985.0
1.6571428571428573,2957.62
1.6585714285714286,2915.44
1.66,2884.31
1.6614285714285715,2844.94
1.6628571428571428,2808.0
1.6642857142857144,2768.44
1.6657142857142857,2728.69
1.667142857142857,2688.0
1.6685714285714286,2646.75
1.67,2608.12
1.6714285714285715,2563.5
1.6728571428571428,2523.56
1.6742857142857144,2480.81
1.6757142857142857,2434.69
1.677142857142857,2390.25
1.6785714285714286,2342.44
1.68,2301.75
1.6814285714285715,2256.56
1.6828571428571428,2212.31
1.6842857142857144,2166.56
1.6857142857142857,2123.81
1.687142857142857,2073.56
1.6885714285714286,2021.44
1.69,1968.19
1.6914285714285715,1912.69
1.6928571428571428,1845.56
1.6942857142857144,1788.0
1.6957142857142857,1725.38
1.697142857142857,1665.0
1.6985714285714286,1608.75
1.7,1551.38
1.7014285714285715,1501.88
1.7028571428571428,1451.81
1.7042857142857142,1405.88
1.7057142857142857,1351.88
1.707142857142857,1299.56
1.7085714285714286,1243.31
1.71,1190.81
1.7114285714285715,1139.06
1.7128571428571429,1080.94
1.7142857142857142,1025.25
1.7157142857142857,970.13
1.717142857142857,915.38
1.7185714285714286,857.25
1.72,795.19
1.7214285714285715,736.5
1.7228571428571429,676.5
1.7242857142857142,616.5
1.7257142857142858,554.44
1.727142857142857,493.5
1.7285714285714286,436.69
1.73,379.31
1.7314285714285713,327.56
1.7328571428571429,274.13
1.7342857142857142,219.19
1.7357142857142858,161.81
1.737142857142857,111.75
1.7385714285714287,62.25
1.74,10.31
1.7414285714285713,0.56
1.7428571428571429,0.37
1.7442857142857142,0.19
1.7457142857142858,0.19
1.747142857142857,0.19
1.7485714285714287,0.19
1.75,0.19
1.7514285714285713,0.19
1.752857142857143,0.0
1.7542857142857142,0.0
1.7557142857142858,0.19
1.7571428571428571,0.0
1.7585714285714287,0.0
1.76,0.0
1.7614285714285713,0.19
1.762857142857143,0.0
1.7642857142857142,0.19
1.7657142857142858,0.19
1.7671428571428571,0.19
1.7685714285714285,0.0
1.77,0.19
1.7714285714285714,0.19
1.772857142857143,0.0
1.7742857142857142,0.19
1.7757142857142858,0.0
1.7771428571428571,0.0
1.7785714285714285,0.19
1.78,0.0
1.7814285714285714,0.19
1.782857142857143,0.0
1.7842857142857143,0.19
1.7857142857142858,0.19
1.7871428571428571,0.19
1.7885714285714285,0.19
1.79,0.19
1.7914285714285714,0.0
1.792857142857143,0.19
1.7942857142857143,0.19
1.7957142857142858,0.19
1.7971428571428572,0.19
1.7985714285714285,0.19
1.8,0.19
1.8014285714285714,0.19
1.802857142857143,0.19
1.8042857142857143,0.19
1.8057142857142856,0.19
1.8071428571428572,0.19
1.8085714285714285,0.37
1.81,0.56
1.8114285714285714,0.75
1.812857142857143,12.19
1.8142857142857143,56.44
1.8157142857142856,95.25
1.8171428571428572,136.88
1.8185714285714285,183.38
1.82,231.75
1.8214285714285714,280.31
1.822857142857143,330.38
1.8242857142857143,377.81
1.8257142857142856,426.75
1.8271428571428572,476.44
1.8285714285714285,522.38
1.83,570.94
1.8314285714285714,620.81
1.832857142857143,667.88
1.8342857142857143,717.56
1.8357142857142856,769.5
1.8371428571428572,817.69
1.8385714285714285,864.56
1.84,911.63
1.8414285714285714,957.38
1.8428571428571427,1002.19
1.8442857142857143,1051.88
1.8457142857142856,1097.81
1.8471428571428572,1146.19
1.8485714285714285,1194.38
1.85,1236.94
1.8514285714285714,1285.5
1.8528571428571428,1334.81
1.8542857142857143,1383.94
1.8557142857142856,1433.44
1.8571428571428572,1478.06
1.8585714285714285,1534.69
1.86,1584.94
1.8614285714285714,1640.63
1.8628571428571428,1695.0
1.8642857142857143,1754.81
1.8657142857142857,1814.81
1.8671428571428572,1878.56
1.8685714285714285,1941.94
1.87,1996.13
1.8714285714285714,2047.31
1.8728571428571428,2095.87
1.8742857142857143,2138.25
1.8757142857142857,2178.19
1.8771428571428572,2217.75
1.8785714285714286,2258.25
1.88,2296.31
1.8814285714285715,2327.44
1.8828571428571428,2364.37
1.8842857142857143,2398.5
1.8857142857142857,2427.37
1.8871428571428572,2457.75
1.8885714285714286,2488.69
1.89,2527.12
1.8914285714285715,2560.87
1.8928571428571428,2595.0
1.8942857142857144,2629.31
1.8957142857142857,2664.0
1.8971428571428572,2688.75
1.8985714285714286,2709.0
1.9,2725.5
1.9014285714285715,2736.19
1.9028571428571428,2743.12
1.9042857142857144,2746.69
1.9057142857142857,2747.62
1.9071428571428573,2748.94
1.9085714285714286,2749.12
1.91,2746.87
1.9114285714285715,2745.75
1.9128571428571428,2746.69
1.9142857142857144,2745.0
1.9157142857142857,2745.75
1.917142857142857,2746.5
1.9185714285714286,2745.75
1.92,2744.44
1.9214285714285715,2746.69
1.9228571428571428,2745.94
1.9242857142857144,2746.5
1.9257142857142857,2747.06
1.927142857142857,2746.87
1.9285714285714286,2743.5
1.93,2746.87
1.9314285714285715,2744.62
1.9328571428571428,2746.31
1.9342857142857144,2746.87
1.9357142857142857,2746.69
1.937142857142857,2747.44
1.9385714285714286,2747.25
1.94,2746.69
1.9414285714285715,2747.06
1.9428571428571428,2747.25
1.9442857142857144,2747.06
1.9457142857142857,2746.87
1.947142857142857,2747.62
1.9485714285714286,2748.0
1.95,2747.44
1.9514285714285715,2747.81
1.9528571428571428,2747.81
1.9542857142857142,2747.25
1.9557142857142857,2747.44
1.957142857142857,2747.62
1.9585714285714286,2747.44
1.96,2747.81
1.9614285714285715,2747.81
1.9628571428571429,2746.5
1.9642857142857142,2746.31
1.9657142857142857,2745.56
1.967142857142857,2743.69
1.9685714285714286,2739.75
1.97,2727.94
1.9714285714285715,2718.75
1.9728571428571429,2697.75
1.9742857142857142,2677.5
1.9757142857142858,2659.12
1.977142857142857,2628.37
1.9785714285714286,2604.0
1.98,2572.5
1.9814285714285713,2544.56
1.9828571428571429,2503.69
1.9842857142857142,2466.94
1.9857142857142858,2424.0
1.987142857142857,2379.19
1.9885714285714287,2332.69
1.99,2295.56
1.9914285714285713,2246.25
1.9928571428571429,2200.12
1.9942857142857142,2154.0
1.9957142857142858,2106.0
1.997142857142857,2053.31
1.9985714285714287,2002.13
