Time,Signal
0.0,3889.62
0.0011627906976744,3887.56
0.0023255813953488,3888.5
0.0034883720930232,3884.56
0.0046511627906976,3887.37
0.0058139534883721,3883.25
0.0069767441860465,3881.37
0.0081395348837209,3798.12
0.0093023255813953,3709.44
0.0104651162790697,3623.94
0.0116279069767442,3542.94
0.0127906976744186,3464.75
0.013953488372093,3389.0
0.0151162790697673,3317.0
0.0162790697674418,3245.75
0.0174418604651162,3178.0600000000004
0.0186046511627906,3111.5
0.0197674418604651,3046.62
0.0209302325581395,2984.56
0.0220930232558139,2922.69
0.0232558139534883,2864.0
0.0244186046511628,2805.87
0.0255813953488372,2749.44
0.0267441860465116,2694.87
0.027906976744186,2640.69
0.0290697674418604,2589.12
0.0302325581395349,2537.75
0.0313953488372093,2488.25
0.0325581395348837,2440.06
0.0337209302325581,2392.06
0.0348837209302325,2346.5
0.0360465116279068,2300.94
0.0372093023255814,2256.87
0.0383720930232558,2213.94
0.0395348837209302,2171.56
0.0406976744186046,2130.69
0.041860465116279,2090.0
0.0430232558139535,2051.0
0.0441860465116279,2012.56
0.0453488372093023,1974.69
0.0465116279069767,1938.31
0.0476744186046511,1901.75
0.0488372093023256,1866.87
0.05,1832.37
0.0511627906976744,1797.31
0.0523255813953488,1766.75
0.0534883720930232,1726.44
0.0546511627906976,1701.87
0.0558139534883721,1667.75
0.0569767441860465,1635.12
0.0581395348837209,1612.81
0.0593023255813953,1574.0
0.0604651162790697,1554.12
0.0616279069767441,1521.5
0.0627906976744186,1493.19
0.063953488372093,1472.75
0.0651162790697674,1436.56
0.0662790697674418,1420.62
0.0674418604651163,1388.94
0.0686046511627907,1365.12
0.0697674418604651,1345.62
0.0709302325581395,1312.44
0.0720930232558139,1299.5
0.0732558139534883,1268.56
0.0744186046511628,1249.06
0.0755813953488372,1230.12
0.0767441860465116,1200.31
0.077906976744186,1189.62
0.0790697674418604,1159.62
0.0802325581395348,1144.25
0.0813953488372093,1125.31
0.0825581395348837,1098.69
0.0837209302325581,1089.69
0.0848837209302325,1060.62
0.086046511627907,1048.81
0.0872093023255814,1029.5
0.0883720930232558,1006.81
0.0895348837209302,998.75
0.0906976744186046,970.81
0.091860465116279,962.19
0.0930232558139535,942.5
0.0941860465116279,923.38
0.0953488372093023,915.5
0.0965116279069767,889.25
0.0976744186046511,883.25
0.0988372093023255,863.0
0.1,847.6300000000001
0.1011627906976744,839.19
0.1023255813953488,815.0
0.1034883720930232,811.25
0.1046511627906976,790.25
0.1058139534883721,778.6300000000001
0.1069767441860465,769.6300000000001
0.1081395348837208,747.5
0.1093023255813953,745.25
0.1104651162790697,724.06
0.1116279069767442,715.81
0.1127906976744186,705.69
0.1139534883720929,686.19
0.1151162790697674,685.06
0.1162790697674418,663.8800000000001
0.1174418604651163,658.6300000000001
0.1186046511627907,647.3800000000001
0.119767441860465,630.69
0.1209302325581395,629.75
0.1220930232558139,608.94
0.1232558139534883,606.31
0.1244186046511628,593.75
0.1255813953488372,580.44
0.1267441860465116,579.1300000000001
0.127906976744186,559.06
0.1290697674418604,558.8800000000001
0.1302325581395349,544.81
0.1313953488372093,534.69
0.1325581395348836,532.44
0.1337209302325581,513.5
0.1348837209302325,515.19
0.136046511627907,500.19000000000005
0.1372093023255814,493.06
0.1383720930232558,489.69000000000005
0.1395348837209302,472.44000000000005
0.1406976744186046,475.06
0.141860465116279,459.31
0.1430232558139535,455.19000000000005
0.1441860465116279,450.31
0.1453488372093023,435.1300000000001
0.1465116279069767,438.31
0.1476744186046511,421.81
0.1488372093023256,420.31
0.15,413.94000000000005
0.1511627906976743,401.0
0.1523255813953488,404.19000000000005
0.1534883720930232,387.5
0.1546511627906977,388.44000000000005
0.1558139534883721,380.19000000000005
0.1569767441860464,370.06
0.1581395348837209,372.69000000000005
0.1593023255813953,356.3800000000001
0.1604651162790697,359.3800000000001
0.1616279069767442,349.44000000000005
0.1627906976744186,342.30999999999995
0.163953488372093,343.80999999999995
0.1651162790697674,328.25
0.1662790697674418,332.75
0.1674418604651163,321.30999999999995
0.1686046511627907,317.0
0.1697674418604651,317.0
0.1709302325581395,302.94000000000005
0.1720930232558139,308.3800000000001
0.1732558139534884,295.80999999999995
0.1744186046511628,293.75
0.1755813953488371,292.25
0.1767441860465116,279.69000000000005
0.177906976744186,285.69000000000005
0.1790697674418604,272.19000000000005
0.1802325581395349,272.75
0.1813953488372092,269.3800000000001
0.1825581395348837,258.8800000000001
0.1837209302325581,264.69000000000005
0.1848837209302325,250.81
0.186046511627907,253.44000000000003
0.1872093023255814,248.0
0.1883720930232558,239.94000000000003
0.1895348837209302,245.0
0.1906976744186046,231.1300000000001
0.1918604651162791,235.6300000000001
0.1930232558139535,228.69000000000003
0.1941860465116279,223.06
0.1953488372093023,226.81
0.1965116279069767,213.31
0.1976744186046511,219.5
0.1988372093023256,210.69000000000003
0.1999999999999999,207.69000000000003
0.2011627906976744,209.75
0.2023255813953488,197.3800000000001
0.2034883720930232,204.5
0.2046511627906977,194.0
0.2058139534883721,193.6300000000001
0.2069767441860465,194.0
0.2081395348837209,183.31
0.2093023255813953,190.44000000000003
0.2104651162790698,179.0
0.2116279069767442,181.06
0.2127906976744186,179.3800000000001
0.213953488372093,170.55999999999997
0.2151162790697674,177.30999999999997
0.2162790697674418,165.5
0.2174418604651163,169.44000000000003
0.2186046511627907,165.69000000000003
0.2197674418604651,158.94000000000003
0.2209302325581395,165.30999999999997
0.2220930232558139,152.94000000000003
0.2232558139534884,158.75
0.2244186046511627,153.1300000000001
0.2255813953488372,148.6300000000001
0.2267441860465116,153.69000000000003
0.227906976744186,141.8800000000001
0.2290697674418605,148.80999999999997
0.2302325581395349,141.30999999999997
0.2313953488372093,139.44000000000003
0.2325581395348837,142.80999999999997
0.2337209302325581,131.75
0.2348837209302325,139.25
0.236046511627907,130.6300000000001
0.2372093023255813,130.80999999999997
0.2383720930232558,132.5
0.2395348837209302,122.55999999999996
0.2406976744186046,130.6300000000001
0.2418604651162791,120.5
0.2430232558139534,122.75
0.2441860465116279,122.38000000000012
0.2453488372093023,114.30999999999996
0.2465116279069767,122.19000000000004
0.2476744186046512,111.5
0.2488372093023255,115.80999999999996
0.25,113.55999999999996
0.2511627906976744,107.0
0.2523255813953488,114.30999999999996
0.2534883720930232,103.05999999999996
0.2546511627906976,108.88000000000012
0.2558139534883721,104.94000000000004
0.2569767441860465,100.63000000000012
0.2581395348837209,106.80999999999996
0.2593023255813953,95.94000000000004
0.2604651162790697,103.05999999999996
0.2616279069767441,97.25
0.2627906976744186,95.0
0.263953488372093,99.88000000000012
0.2651162790697674,89.38000000000011
0.2662790697674418,97.44000000000004
0.2674418604651163,90.13000000000012
0.2686046511627907,90.13000000000012
0.2697674418604651,93.30999999999996
0.2709302325581395,83.55999999999995
0.2720930232558138,92.38000000000012
0.2732558139534884,83.55999999999995
0.2744186046511627,85.63000000000011
0.2755813953488372,86.75
0.2767441860465116,78.5
0.2779069767441859,87.13000000000011
0.2790697674418605,77.19000000000005
0.2802325581395348,81.30999999999995
0.2813953488372093,80.55999999999995
0.2825581395348837,74.0
0.283720930232558,82.05999999999995
0.2848837209302326,71.55999999999995
0.2860465116279069,77.38000000000011
0.2872093023255814,74.55999999999995
0.2883720930232558,70.05999999999995
0.2895348837209301,77.19000000000005
0.2906976744186046,66.69000000000005
0.291860465116279,73.80999999999995
0.2930232558139535,69.13000000000011
0.2941860465116279,66.69000000000005
0.2953488372093023,72.5
0.2965116279069767,62.190000000000055
0.2976744186046511,70.44000000000005
0.2988372093023255,64.25
0.3,63.88000000000011
0.3011627906976744,68.0
0.3023255813953488,58.63000000000011
0.3034883720930232,67.44000000000005
0.3046511627906976,59.559999999999945
0.3058139534883721,61.440000000000055
0.3069767441860465,63.690000000000055
0.3081395348837209,55.25
0.3093023255813952,64.25
0.3104651162790697,55.25
0.3116279069767441,59.0
0.3127906976744186,59.38000000000011
0.313953488372093,52.440000000000055
0.3151162790697673,61.25
0.3162790697674419,51.309999999999945
0.3174418604651162,56.75
0.3186046511627907,55.25
0.3197674418604651,50.0
0.3209302325581394,58.059999999999945
0.322093023255814,47.75
0.3232558139534883,54.88000000000011
0.3244186046511628,51.309999999999945
0.3255813953488372,47.940000000000055
0.3267441860465115,54.88000000000011
0.327906976744186,44.559999999999945
0.3290697674418604,52.809999999999945
0.3302325581395349,47.38000000000011
0.3313953488372093,46.440000000000055
0.3325581395348836,51.88000000000011
0.3337209302325581,41.940000000000055
0.3348837209302325,51.13000000000011
0.3360465116279069,44.0
0.3372093023255814,45.13000000000011
0.3383720930232557,48.690000000000055
0.3395348837209302,39.690000000000055
0.3406976744186046,49.25
0.341860465116279,40.63000000000011
0.3430232558139535,43.809999999999945
0.3441860465116279,45.5
0.3453488372093023,37.809999999999945
0.3465116279069767,47.190000000000055
0.3476744186046511,37.809999999999945
0.3488372093023255,42.690000000000055
0.35,42.309999999999945
0.3511627906976744,36.5
0.3523255813953488,45.13000000000011
0.3534883720930232,35.0
0.3546511627906976,41.940000000000055
0.3558139534883721,39.309999999999945
0.3569767441860465,35.38000000000011
0.3581395348837209,43.25
0.3593023255813953,32.75
0.3604651162790697,41.0
0.3616279069767442,36.5
0.3627906976744186,34.63000000000011
0.3639534883720929,41.190000000000055
0.3651162790697674,30.88000000000011
0.3662790697674418,40.059999999999945
0.3674418604651163,33.88000000000011
0.3686046511627907,34.059999999999945
0.369767441860465,38.75
0.3709302325581395,29.38000000000011
0.3720930232558139,39.13000000000011
0.3732558139534884,31.44000000000005
0.3744186046511627,33.690000000000055
0.3755813953488371,36.5
0.3767441860465116,28.059999999999945
0.377906976744186,38.0
0.3790697674418605,28.809999999999945
0.3802325581395348,33.309999999999945
0.3813953488372092,34.059999999999945
0.3825581395348837,27.13000000000011
0.3837209302325581,36.88000000000011
0.3848837209302325,26.75
0.3860465116279069,32.940000000000055
0.3872093023255814,31.44000000000005
0.3883720930232558,26.559999999999945
0.3895348837209302,35.38000000000011
0.3906976744186046,24.69000000000005
0.391860465116279,32.75
0.3930232558139535,29.19000000000005
0.3941860465116279,26.38000000000011
0.3953488372093022,33.690000000000055
0.3965116279069767,23.19000000000005
0.3976744186046511,32.38000000000011
0.3988372093023256,26.94000000000005
0.4,26.19000000000005
0.4011627906976743,32.0
0.4023255813953488,22.059999999999945
0.4034883720930232,32.0
0.4046511627906977,24.69000000000005
0.4058139534883721,26.19000000000005
0.4069767441860464,30.13000000000011
0.4081395348837209,21.13000000000011
0.4093023255813953,31.44000000000005
0.4104651162790698,22.809999999999945
0.4116279069767441,26.38000000000011
0.4127906976744185,28.25
0.413953488372093,20.75
0.4151162790697674,30.69000000000005
0.4162790697674419,20.94000000000005
0.4174418604651162,26.559999999999945
0.4186046511627906,26.19000000000005
0.4197674418604651,20.38000000000011
0.4209302325581395,29.75
0.4220930232558139,19.25
0.4232558139534883,26.75
0.4244186046511627,24.13000000000011
0.4255813953488372,20.38000000000011
0.4267441860465116,28.63000000000011
0.427906976744186,17.940000000000055
0.4290697674418604,26.75
0.4302325581395348,22.25
0.4313953488372093,20.75
0.4325581395348837,27.309999999999945
0.4337209302325581,17.0
0.4348837209302325,26.75
0.436046511627907,20.38000000000011
0.4372093023255814,20.94000000000005
0.4383720930232557,25.63000000000011
0.4395348837209302,16.440000000000055
0.4406976744186046,26.559999999999945
0.4418604651162791,18.5
0.4430232558139535,21.309999999999945
0.4441860465116278,24.13000000000011
0.4453488372093023,15.88000000000011
0.4465116279069767,26.19000000000005
0.4476744186046512,16.809999999999945
0.4488372093023255,21.69000000000005
0.4499999999999999,22.25
0.4511627906976744,15.690000000000056
0.4523255813953488,25.44000000000005
0.4534883720930233,15.309999999999944
0.4546511627906976,22.25
0.455813953488372,20.38000000000011
0.4569767441860465,16.059999999999945
0.4581395348837209,24.88000000000011
0.4593023255813953,14.190000000000056
0.4604651162790697,22.44000000000005
0.4616279069767441,18.69000000000005
0.4627906976744186,16.440000000000055
0.463953488372093,23.75
0.4651162790697674,13.440000000000056
0.4662790697674418,22.809999999999945
0.4674418604651162,17.190000000000055
0.4686046511627907,17.0
0.469767441860465,22.63000000000011
0.4709302325581395,12.88000000000011
0.4720930232558139,23.0
0.4732558139534883,15.5
0.4744186046511628,17.559999999999945
0.4755813953488371,21.13000000000011
0.4767441860465116,12.5
0.477906976744186,22.809999999999945
0.4790697674418605,14.0
0.4802325581395349,18.309999999999945
0.4813953488372092,19.63000000000011
0.4825581395348837,12.690000000000056
0.4837209302325581,22.44000000000005
0.4848837209302326,12.5
0.4860465116279069,18.69000000000005
0.4872093023255813,17.940000000000055
0.4883720930232558,12.88000000000011
0.4895348837209302,21.88000000000011
0.4906976744186047,11.559999999999944
0.491860465116279,19.44000000000005
0.4930232558139534,16.440000000000055
0.4941860465116279,13.25
0.4953488372093023,21.13000000000011
0.4965116279069766,10.809999999999944
0.4976744186046511,20.0
0.4988372093023255,14.940000000000056
0.5,14.0
0.5011627906976744,20.38000000000011
0.5023255813953488,10.25
0.5034883720930232,20.38000000000011
0.5046511627906977,13.440000000000056
0.5058139534883721,14.75
0.5069767441860465,19.059999999999945
0.5081395348837209,10.059999999999944
0.5093023255813953,20.38000000000011
0.5104651162790698,11.940000000000056
0.5116279069767442,15.5
0.5127906976744185,17.559999999999945
0.513953488372093,10.059999999999944
0.5151162790697674,20.38000000000011
0.5162790697674419,10.63000000000011
0.5174418604651163,16.25
0.5186046511627906,16.25
0.5197674418604651,10.440000000000056
0.5209302325581395,19.809999999999945
0.522093023255814,9.690000000000056
0.5232558139534883,17.0
0.5244186046511627,14.559999999999944
0.5255813953488372,10.809999999999944
0.5267441860465116,19.25
0.5279069767441861,8.75
0.5290697674418604,17.559999999999945
0.5302325581395348,13.25
0.5313953488372093,11.559999999999944
0.5325581395348837,18.5
0.5337209302325581,8.190000000000055
0.5348837209302325,18.13000000000011
0.536046511627907,11.559999999999944
0.5372093023255814,12.5
0.5383720930232558,17.38000000000011
0.5395348837209302,8.0
0.5406976744186046,18.309999999999945
0.541860465116279,10.440000000000056
0.5430232558139535,13.440000000000056
0.5441860465116278,16.25
0.5453488372093023,8.0
0.5465116279069767,18.309999999999945
0.5476744186046512,9.13000000000011
0.5488372093023256,14.190000000000056
0.5499999999999999,14.75
0.5511627906976744,8.38000000000011
0.5523255813953488,18.13000000000011
0.5534883720930233,8.0
0.5546511627906977,14.75
0.555813953488372,13.059999999999944
0.5569767441860465,8.75
0.5581395348837209,17.559999999999945
0.5593023255813954,7.059999999999945
0.5604651162790697,15.5
0.5616279069767441,11.75
0.5627906976744186,9.5
0.563953488372093,16.809999999999945
0.5651162790697675,6.5
0.5662790697674418,16.059999999999945
0.5674418604651162,10.440000000000056
0.5686046511627907,10.440000000000056
0.5697674418604651,16.059999999999945
0.5709302325581395,6.309999999999945
0.5720930232558139,16.63000000000011
0.5732558139534883,9.13000000000011
0.5744186046511628,11.559999999999944
0.5755813953488372,14.940000000000056
0.5767441860465116,6.5
0.577906976744186,16.809999999999945
0.5790697674418605,8.0
0.5802325581395349,12.309999999999944
0.5813953488372093,13.63000000000011
0.5825581395348837,6.690000000000055
0.5837209302325581,16.63000000000011
0.5848837209302326,6.880000000000109
0.586046511627907,13.059999999999944
0.5872093023255813,12.309999999999944
0.5883720930232558,7.059999999999945
0.5895348837209302,16.440000000000055
0.5906976744186047,6.130000000000109
0.5918604651162791,14.0
0.5930232558139534,10.809999999999944
0.5941860465116279,8.0
0.5953488372093023,15.88000000000011
0.5965116279069768,5.380000000000109
0.5976744186046511,14.75
0.5988372093023255,9.5
0.6,8.75
0.6011627906976744,15.13000000000011
0.6023255813953489,5.190000000000055
0.6034883720930232,15.309999999999944
0.6046511627906976,8.38000000000011
0.6058139534883721,9.88000000000011
0.6069767441860465,14.0
0.6081395348837209,5.190000000000055
0.6093023255813953,15.5
0.6104651162790697,7.059999999999945
0.6116279069767442,10.809999999999944
0.6127906976744186,13.059999999999944
0.613953488372093,5.380000000000109
0.6151162790697674,15.690000000000056
0.6162790697674418,6.130000000000109
0.6174418604651163,11.75
0.6186046511627906,11.559999999999944
0.6197674418604651,5.75
0.6209302325581395,15.5
0.622093023255814,5.190000000000055
0.6232558139534884,12.5
0.6244186046511627,10.25
0.6255813953488372,6.690000000000055
0.6267441860465116,14.940000000000056
0.627906976744186,4.440000000000055
0.6290697674418605,13.440000000000056
0.6302325581395348,8.940000000000055
0.6313953488372093,7.440000000000055
0.6325581395348837,14.38000000000011
0.6337209302325582,4.059999999999945
0.6348837209302325,13.809999999999944
0.6360465116279069,7.630000000000109
0.6372093023255814,8.38000000000011
0.6383720930232558,13.440000000000056
0.6395348837209303,4.059999999999945
0.6406976744186046,14.38000000000011
0.641860465116279,6.5
0.6430232558139535,9.309999999999944
0.6441860465116279,12.309999999999944
0.6453488372093023,4.059999999999945
0.6465116279069767,14.559999999999944
0.6476744186046511,5.380000000000109
0.6488372093023256,10.25
0.65,11.0
0.6511627906976744,4.630000000000109
0.6523255813953488,14.38000000000011
0.6534883720930232,4.440000000000055
0.6546511627906977,11.190000000000056
0.6558139534883721,9.690000000000056
0.6569767441860465,5.190000000000055
0.6581395348837209,14.0
0.6593023255813953,3.690000000000055
0.6604651162790698,11.940000000000056
0.6616279069767441,8.38000000000011
0.6627906976744186,5.940000000000055
0.663953488372093,13.63000000000011
0.6651162790697674,3.130000000000109
0.6662790697674419,12.690000000000056
0.6674418604651162,7.059999999999945
0.6686046511627907,6.880000000000109
0.6697674418604651,12.690000000000056
0.6709302325581395,2.9400000000000546
0.6720930232558139,13.440000000000056
0.6732558139534883,5.940000000000055
0.6744186046511628,8.0
0.6755813953488372,11.75
0.6767441860465117,3.130000000000109
0.677906976744186,13.63000000000011
0.6790697674418604,4.809999999999945
0.6802325581395349,8.940000000000055
0.6813953488372093,10.63000000000011
0.6825581395348836,3.5
0.6837209302325581,13.63000000000011
0.6848837209302325,3.880000000000109
0.686046511627907,9.88000000000011
0.6872093023255814,9.5
0.6883720930232557,4.059999999999945
0.6895348837209302,13.440000000000056
0.6906976744186046,3.130000000000109
0.6918604651162791,10.809999999999944
0.6930232558139534,8.190000000000055
0.6941860465116279,4.809999999999945
0.6953488372093023,13.059999999999944
0.6965116279069767,2.559999999999945
0.6976744186046512,11.559999999999944
0.6988372093023255,6.880000000000109
0.7,5.75
0.7011627906976744,12.309999999999944
0.7023255813953488,2.1900000000000546
0.7034883720930233,12.309999999999944
0.7046511627906976,5.559999999999945
0.7058139534883721,6.880000000000109
0.7069767441860465,11.38000000000011
0.708139534883721,2.1900000000000546
0.7093023255813953,12.690000000000056
0.7104651162790697,4.440000000000055
0.7116279069767442,8.0
0.7127906976744186,10.440000000000056
0.713953488372093,2.559999999999945
0.7151162790697674,12.88000000000011
0.7162790697674418,3.5
0.7174418604651163,8.75
0.7186046511627907,9.309999999999944
0.719767441860465,3.130000000000109
0.7209302325581395,12.88000000000011
0.7220930232558139,2.75
0.7232558139534884,9.690000000000056
0.7244186046511628,8.0
0.7255813953488371,3.880000000000109
0.7267441860465116,12.5
0.727906976744186,2.1900000000000546
0.7290697674418605,10.63000000000011
0.7302325581395349,6.690000000000055
0.7313953488372092,4.630000000000109
0.7325581395348837,11.940000000000056
0.7337209302325581,1.8099999999999448
0.7348837209302326,11.38000000000011
0.7360465116279069,5.559999999999945
0.7372093023255814,5.75
0.7383720930232558,11.190000000000056
0.7395348837209302,1.6300000000001091
0.7406976744186047,11.940000000000056
0.741860465116279,4.440000000000055
0.7430232558139535,6.880000000000109
0.7441860465116279,10.25
0.7453488372093023,2.0
0.7465116279069767,12.309999999999944
0.7476744186046511,3.309999999999945
0.7488372093023256,8.0
0.75,9.13000000000011
0.7511627906976744,2.380000000000109
0.7523255813953488,12.309999999999944
0.7534883720930232,2.380000000000109
0.7546511627906977,8.940000000000055
0.7558139534883721,8.0
0.7569767441860464,2.9400000000000546
0.7581395348837209,12.13000000000011
0.7593023255813953,1.8099999999999448
0.7604651162790697,9.690000000000056
0.7616279069767441,6.690000000000055
0.7627906976744184,3.880000000000109
0.7639534883720929,11.75
0.7651162790697673,1.25
0.7662790697674419,10.63000000000011
0.7674418604651161,5.559999999999945
0.7686046511627906,4.809999999999945
0.7697674418604651,11.0
0.7709302325581395,1.25
0.7720930232558141,11.190000000000056
0.7732558139534883,4.25
0.7744186046511629,5.940000000000055
0.7755813953488373,10.059999999999944
0.7767441860465116,1.25
0.7779069767441861,11.559999999999944
0.7790697674418605,3.130000000000109
0.7802325581395348,6.880000000000109
0.7813953488372093,8.940000000000055
0.7825581395348837,1.6300000000001091
0.7837209302325581,11.75
0.7848837209302325,2.1900000000000546
0.7860465116279068,8.0
0.7872093023255813,7.630000000000109
0.7883720930232558,2.1900000000000546
0.7895348837209301,11.38000000000011
0.7906976744186045,1.25
0.791860465116279,8.75
0.7930232558139535,6.309999999999945
0.7941860465116277,2.9400000000000546
0.7953488372093023,11.0
0.7965116279069767,0.8800000000001091
0.7976744186046513,9.690000000000056
0.7988372093023257,5.190000000000055
0.8,4.059999999999945
0.8011627906976745,10.440000000000056
0.8023255813953489,0.6900000000000546
0.8034883720930233,10.440000000000056
0.8046511627906977,4.059999999999945
0.805813953488372,5.380000000000109
0.8069767441860465,9.690000000000056
0.8081395348837209,0.8800000000001091
0.8093023255813953,11.0
0.8104651162790697,3.130000000000109
0.811627906976744,6.309999999999945
0.8127906976744185,8.75
0.813953488372093,1.25
0.8151162790697675,11.190000000000056
0.8162790697674417,2.1900000000000546
0.8174418604651162,7.25
0.8186046511627907,7.440000000000055
0.8197674418604651,1.8099999999999448
0.8209302325581395,11.0
0.8220930232558139,1.25
0.8232558139534885,8.190000000000055
0.8244186046511629,6.309999999999945
0.8255813953488372,2.559999999999945
0.8267441860465117,10.63000000000011
0.8279069767441861,0.6900000000000546
0.8290697674418605,8.940000000000055
0.8302325581395349,5.0
0.8313953488372093,3.5
0.8325581395348837,10.059999999999944
0.8337209302325581,0.3099999999999454
0.8348837209302324,9.690000000000056
0.8360465116279069,3.880000000000109
0.8372093023255813,4.440000000000055
0.8383720930232557,9.309999999999944
0.8395348837209301,0.5
0.8406976744186047,10.440000000000056
0.8418604651162789,2.75
0.8430232558139534,5.559999999999945
0.8441860465116279,8.559999999999945
0.8453488372093023,0.6900000000000546
0.8465116279069769,10.63000000000011
0.8476744186046511,1.8099999999999448
0.8488372093023256,6.690000000000055
0.8500000000000001,7.440000000000055
0.8511627906976745,1.25
0.8523255813953489,10.63000000000011
0.8534883720930233,1.0599999999999454
0.8546511627906976,7.630000000000109
0.8558139534883721,6.309999999999945
0.8569767441860464,1.8099999999999448
0.858139534883721,10.440000000000056
0.8593023255813953,0.5
0.8604651162790699,8.559999999999945
0.8616279069767442,5.0
0.8627906976744185,2.75
0.8639534883720931,9.88000000000011
0.8651162790697672,0.1300000000001091
0.8662790697674417,9.13000000000011
0.8674418604651163,3.880000000000109
0.8686046511627904,3.690000000000055
0.8697674418604652,9.309999999999944
0.8709302325581395,0.1300000000001091
0.8720930232558138,9.690000000000056
0.8732558139534884,2.75
0.8744186046511627,4.809999999999945
0.8755813953488373,8.38000000000011
0.8767441860465116,0.1300000000001091
0.8779069767441862,10.059999999999944
0.8790697674418605,1.8099999999999448
0.8802325581395348,5.75
0.8813953488372094,7.25
0.8825581395348837,0.5
0.883720930232558,10.25
0.8848837209302324,0.8800000000001091
0.8860465116279069,6.690000000000055
0.8872093023255813,6.130000000000109
0.8883720930232556,1.25
0.8895348837209301,10.059999999999944
0.8906976744186047,0.1300000000001091
0.891860465116279,7.630000000000109
0.8930232558139534,5.0
0.8941860465116279,2.0
0.8953488372093023,9.690000000000056
0.8965116279069768,-0.25
0.8976744186046511,8.559999999999945
0.8988372093023255,3.880000000000109
0.9,2.9400000000000546
0.9011627906976746,9.13000000000011
0.9023255813953488,-0.4400000000000545
0.9034883720930232,9.13000000000011
0.9046511627906976,2.9400000000000546
0.905813953488372,3.880000000000109
0.9069767441860463,8.38000000000011
0.908139534883721,-0.4400000000000545
0.9093023255813952,9.5
0.9104651162790696,1.6300000000001091
0.911627906976744,4.630000000000109
0.9127906976744186,7.440000000000055
0.9139534883720928,-0.4400000000000545
0.9151162790697674,9.690000000000056
0.9162790697674418,0.6900000000000546
0.9174418604651166,5.75
0.9186046511627908,6.5
0.919767441860465,0.1300000000001091
0.9209302325581398,9.88000000000011
0.922093023255814,0.1300000000001091
0.9232558139534884,6.690000000000055
0.924418604651163,5.380000000000109
0.9255813953488372,0.8800000000001091
0.9267441860465117,9.88000000000011
0.927906976744186,-0.4400000000000545
0.9290697674418604,7.630000000000109
0.9302325581395348,4.25
0.9313953488372092,1.8099999999999448
0.9325581395348838,9.5
0.933720930232558,-0.8099999999999454
0.9348837209302324,8.559999999999945
0.936046511627907,3.130000000000109
0.9372093023255812,2.75
0.938372093023256,8.75
0.9395348837209302,-1.1900000000000546
0.9406976744186044,9.13000000000011
0.9418604651162792,2.1900000000000546
0.9430232558139532,3.880000000000109
0.9441860465116282,8.0
0.9453488372093024,-1.0
0.9465116279069764,9.690000000000056
0.9476744186046512,1.0599999999999454
0.9488372093023256,5.0
0.95,6.880000000000109
0.9511627906976744,-0.6199999999998909
0.9523255813953488,9.690000000000056
0.9534883720930232,0.1300000000001091
0.9546511627906976,5.940000000000055
0.9558139534883722,5.75
0.9569767441860464,0.1300000000001091
0.9581395348837208,9.690000000000056
0.9593023255813954,-0.6199999999998909
0.9604651162790696,6.880000000000109
0.961627906976744,4.440000000000055
0.9627906976744184,1.0599999999999454
0.9639534883720928,9.309999999999944
0.9651162790697676,-1.1900000000000546
0.9662790697674416,8.0
0.9674418604651162,3.309999999999945
0.9686046511627908,2.1900000000000546
0.969767441860465,8.75
0.9709302325581396,-1.3699999999998909
0.972093023255814,8.75
0.9732558139534884,2.1900000000000546
0.9744186046511628,3.130000000000109
0.9755813953488373,8.0
0.9767441860465116,-1.1900000000000546
0.977906976744186,9.13000000000011
0.9790697674418606,1.25
0.9802325581395348,4.25
0.9813953488372092,7.059999999999945
0.9825581395348836,-1.0
0.983720930232558,9.5
0.9848837209302324,0.1300000000001091
0.986046511627907,5.380000000000109
0.9872093023255814,5.940000000000055
0.9883720930232556,-0.25
0.9895348837209302,9.5
0.9906976744186046,-0.6199999999998909
0.9918604651162792,6.309999999999945
0.9930232558139536,4.630000000000109
0.9941860465116278,0.3099999999999454
0.9953488372093026,9.13000000000011
0.9965116279069768,-1.1900000000000546
0.9976744186046512,7.25
0.9988372093023258,3.309999999999945
1.0,1.4400000000000546
1.0011627906976746,8.75
1.0023255813953489,-1.5599999999999454
1.0034883720930234,8.190000000000055
1.0046511627906978,0.3099999999999454
1.005813953488372,3.309999999999945
1.0069767441860469,3.309999999999945
1.008139534883721,2.9400000000000546
1.0093023255813955,3.5
1.01046511627907,3.130000000000109
1.0116279069767442,3.309999999999945
1.0127906976744188,3.5
1.013953488372093,3.130000000000109
1.0151162790697674,3.690000000000055
1.016279069767442,3.309999999999945
1.017441860465116,3.690000000000055
1.018604651162791,3.5
1.0197674418604652,3.309999999999945
1.0209302325581393,3.690000000000055
1.022093023255814,3.309999999999945
1.0232558139534884,3.690000000000055
1.024418604651163,3.5
1.0255813953488373,3.309999999999945
1.0267441860465116,3.690000000000055
1.0279069767441862,3.309999999999945
1.0290697674418603,3.880000000000109
1.030232558139535,3.5
1.0313953488372094,3.5
1.0325581395348835,3.880000000000109
1.0337209302325585,3.309999999999945
1.0348837209302326,3.880000000000109
1.036046511627907,2.559999999999945
1.0372093023255813,1.8099999999999448
1.0383720930232558,8.190000000000055
1.0395348837209304,-1.75
1.0406976744186045,8.190000000000055
1.041860465116279,1.4400000000000546
1.0430232558139536,2.9400000000000546
1.0441860465116275,7.440000000000055
1.0453488372093025,-1.5599999999999454
1.0465116279069768,8.75
1.0476744186046512,0.5
1.0488372093023255,4.059999999999945
1.0500000000000005,6.309999999999945
1.0511627906976746,-1.1900000000000546
1.052325581395349,9.13000000000011
1.0534883720930233,-0.4400000000000545
1.0546511627906978,5.0
1.055813953488372,5.380000000000109
1.0569767441860467,-0.8099999999999454
1.058139534883721,8.940000000000055
1.0593023255813954,-1.1900000000000546
1.0604651162790697,5.940000000000055
1.0616279069767445,4.059999999999945
1.0627906976744186,0.1300000000001091
1.0639534883720931,8.75
1.0651162790697677,-1.75
1.066279069767442,6.880000000000109
1.0674418604651164,2.9400000000000546
1.068604651162791,1.0599999999999454
1.0697674418604652,8.190000000000055
1.0709302325581396,-1.9400000000000543
1.072093023255814,7.630000000000109
1.073255813953489,1.8099999999999448
1.0744186046511628,2.1900000000000546
1.0755813953488371,7.440000000000055
1.076744186046512,-2.119999999999891
1.0779069767441862,8.38000000000011
1.0790697674418606,0.6900000000000546
1.080232558139535,3.130000000000109
1.0813953488372094,6.5
1.0825581395348838,-1.75
1.083720930232558,8.559999999999945
1.0848837209302329,-0.4400000000000545
1.086046511627907,4.25
1.0872093023255816,5.380000000000109
1.088372093023256,-1.1900000000000546
1.0895348837209302,8.75
1.0906976744186048,-1.1900000000000546
1.091860465116279,5.380000000000109
1.093023255813954,4.25
1.094186046511628,-0.4400000000000545
1.095348837209302,8.38000000000011
1.096511627906977,-1.9400000000000543
1.0976744186046512,6.309999999999945
1.0988372093023258,2.9400000000000546
1.1,0.3099999999999454
1.1011627906976744,8.190000000000055
1.102325581395349,-2.309999999999945
1.1034883720930233,7.25
1.104651162790698,2.0
1.1058139534883722,1.4400000000000546
1.1069767441860463,7.440000000000055
1.108139534883721,-2.309999999999945
1.1093023255813954,7.809999999999945
1.1104651162790695,0.8800000000001091
1.1116279069767443,2.380000000000109
1.1127906976744186,6.690000000000055
1.1139534883720932,-2.309999999999945
1.1151162790697673,8.190000000000055
1.1162790697674418,-0.25
1.1174418604651164,3.5
1.1186046511627905,5.75
1.1197674418604653,-1.9400000000000543
1.1209302325581396,8.38000000000011
1.122093023255814,-1.1900000000000546
1.1232558139534885,4.630000000000109
1.1244186046511628,4.440000000000055
1.1255813953488374,-1.1900000000000546
1.1267441860465115,8.38000000000011
1.1279069767441865,-1.9400000000000543
1.1290697674418606,5.559999999999945
1.130232558139535,3.309999999999945
1.1313953488372095,-0.25
1.1325581395348838,8.0
1.1337209302325582,-2.5
1.1348837209302325,6.5
1.136046511627907,2.0
1.1372093023255814,0.6900000000000546
1.1383720930232557,7.440000000000055
1.1395348837209305,-2.6900000000000546
1.1406976744186048,7.25
1.1418604651162791,0.8800000000001091
1.1430232558139537,1.6300000000001091
1.144186046511628,6.690000000000055
1.1453488372093024,-2.6900000000000546
1.146511627906977,7.809999999999945
1.1476744186046512,-0.25
1.1488372093023256,2.75
1.15,5.559999999999945
1.151162790697675,-2.309999999999945
1.152325581395349,8.0
1.1534883720930234,-1.0
1.1546511627906977,3.880000000000109
1.1558139534883722,4.630000000000109
1.1569767441860466,-1.75
1.1581395348837211,8.190000000000055
1.1593023255813957,-1.75
1.1604651162790698,5.0
1.161627906976744,3.5
1.162790697674419,-1.0
1.163953488372093,8.0
1.1651162790697676,-2.5
1.166279069767442,5.940000000000055
1.1674418604651169,2.380000000000109
1.1686046511627908,0.1300000000001091
1.169767441860465,7.630000000000109
1.17093023255814,-2.869999999999891
1.172093023255814,6.690000000000055
1.1732558139534883,1.25
1.174418604651163,1.0599999999999454
1.1755813953488372,6.880000000000109
1.1767441860465118,-2.869999999999891
1.177906976744186,7.25
1.1790697674418606,0.1300000000001091
1.180232558139535,2.0
1.181395348837209,5.940000000000055
1.182558139534884,-2.6900000000000546
1.1837209302325582,7.630000000000109
1.1848837209302323,-1.0
1.186046511627907,3.130000000000109
1.1872093023255814,5.0
1.188372093023256,-2.309999999999945
1.1895348837209303,7.809999999999945
1.1906976744186046,-1.75
1.1918604651162792,4.25
1.1930232558139533,3.880000000000109
1.1941860465116283,-1.75
1.1953488372093024,7.809999999999945
1.1965116279069763,-2.5
1.1976744186046513,5.190000000000055
1.1988372093023256,2.559999999999945
1.2000000000000002,-0.8099999999999454
1.2011627906976745,7.440000000000055
1.2023255813953488,-2.869999999999891
1.2034883720930234,6.130000000000109
1.2046511627906975,1.6300000000001091
1.2058139534883725,0.3099999999999454
1.2069767441860466,7.059999999999945
1.208139534883721,-3.059999999999945
1.2093023255813955,6.880000000000109
1.2104651162790698,0.3099999999999454
1.2116279069767442,1.4400000000000546
1.2127906976744185,6.309999999999945
1.213953488372093,-2.869999999999891
1.2151162790697676,7.440000000000055
1.2162790697674415,-0.4400000000000545
1.2174418604651165,2.559999999999945
1.2186046511627908,5.380000000000109
1.2197674418604652,-2.6900000000000546
1.2209302325581397,7.630000000000109
1.222093023255814,-1.5599999999999454
1.2232558139534884,3.5
1.224418604651163,4.25
1.2255813953488373,-2.119999999999891
1.2267441860465118,7.630000000000109
1.227906976744186,-2.309999999999945
1.2290697674418607,4.440000000000055
1.230232558139535,3.130000000000109
1.2313953488372094,-1.3699999999998909
1.2325581395348837,7.440000000000055
1.2337209302325582,-2.869999999999891
1.2348837209302326,5.559999999999945
1.2360465116279071,1.8099999999999448
1.2372093023255817,-0.25
1.2383720930232558,7.059999999999945
1.2395348837209303,-3.25
1.240697674418605,6.309999999999945
1.2418604651162792,0.6900000000000546
1.2430232558139536,0.6900000000000546
1.244186046511628,6.5
1.245348837209303,-3.25
1.2465116279069768,7.059999999999945
1.2476744186046511,-0.4400000000000545
1.248837209302326,1.8099999999999448
1.25,5.559999999999945
1.2511627906976746,-3.059999999999945
1.2523255813953489,7.25
1.2534883720930234,-1.3699999999998909
1.2546511627906978,2.9400000000000546
1.255813953488372,4.440000000000055
1.2569767441860469,-2.6900000000000546
1.258139534883721,7.440000000000055
1.259302325581395,-2.119999999999891
1.26046511627907,3.880000000000109
1.2616279069767442,3.309999999999945
1.2627906976744188,-1.9400000000000543
1.263953488372093,7.440000000000055
1.2651162790697674,-2.869999999999891
1.266279069767442,5.0
1.267441860465116,2.1900000000000546
1.268604651162791,-1.0
1.2697674418604652,7.25
1.2709302325581393,-3.25
1.272093023255814,5.75
1.2732558139534884,1.25
1.274418604651163,-0.0599999999999454
1.2755813953488373,6.690000000000055
1.2767441860465116,-3.25
1.2779069767441862,6.5
1.2790697674418603,0.3099999999999454
1.280232558139535,1.25
1.2813953488372094,5.940000000000055
1.2825581395348835,-3.25
1.2837209302325585,7.25
1.2848837209302326,-1.0
1.286046511627907,2.1900000000000546
1.2872093023255813,5.0
1.2883720930232558,-3.059999999999945
1.2895348837209304,7.440000000000055
1.2906976744186045,-1.9400000000000543
1.291860465116279,3.309999999999945
1.2930232558139536,3.880000000000109
1.2941860465116275,-2.5
1.2953488372093025,7.25
1.2965116279069768,-2.6900000000000546
1.2976744186046512,4.25
1.2988372093023255,2.75
1.3000000000000005,-1.5599999999999454
1.3011627906976746,7.059999999999945
1.302325581395349,-3.25
1.3034883720930233,5.190000000000055
1.3046511627906978,1.4400000000000546
1.305813953488372,-0.8099999999999454
1.3069767441860467,6.880000000000109
1.308139534883721,-3.4400000000000546
1.3093023255813954,6.130000000000109
1.3104651162790697,0.5
1.3116279069767445,0.3099999999999454
1.3127906976744186,6.130000000000109
1.3139534883720931,-3.619999999999891
1.3151162790697677,6.690000000000055
1.316279069767442,-0.6199999999998909
1.3174418604651164,1.4400000000000546
1.318604651162791,5.190000000000055
1.3197674418604652,-3.4400000000000546
1.3209302325581396,7.059999999999945
1.322093023255814,-1.5599999999999454
1.323255813953489,2.559999999999945
1.3244186046511628,4.25
1.3255813953488371,-2.869999999999891
1.326744186046512,7.25
1.3279069767441862,-2.5
1.3290697674418606,3.5
1.330232558139535,3.130000000000109
1.3313953488372094,-2.309999999999945
1.3325581395348838,7.059999999999945
1.333720930232558,-3.059999999999945
1.3348837209302329,4.630000000000109
1.336046511627907,1.8099999999999448
1.3372093023255816,-1.3699999999998909
1.338372093023256,6.880000000000109
1.3395348837209302,-3.619999999999891
1.3406976744186048,5.559999999999945
1.341860465116279,0.6900000000000546
1.343023255813954,-0.25
1.344186046511628,6.309999999999945
1.345348837209302,-3.8099999999999454
1.346511627906977,6.309999999999945
1.3476744186046512,-0.25
1.3488372093023258,0.8800000000001091
1.35,5.559999999999945
1.3511627906976744,-3.619999999999891
1.352325581395349,6.690000000000055
1.3534883720930233,-1.3699999999998909
1.354651162790698,1.8099999999999448
1.3558139534883722,4.630000000000109
1.3569767441860463,-3.25
1.358139534883721,7.059999999999945
1.3593023255813954,-2.119999999999891
1.3604651162790695,2.9400000000000546
1.3616279069767443,3.5
1.3627906976744186,-2.6900000000000546
1.3639534883720932,7.059999999999945
1.3651162790697673,-3.059999999999945
1.3662790697674418,3.880000000000109
1.3674418604651164,2.380000000000109
1.3686046511627905,-2.119999999999891
1.3697674418604653,6.880000000000109
1.3709302325581396,-3.619999999999891
1.372093023255814,4.809999999999945
1.3732558139534885,1.0599999999999454
1.3744186046511628,-1.0
1.3755813953488374,6.309999999999945
1.3767441860465115,-4.0
1.3779069767441865,5.75
1.3790697674418606,-0.0599999999999454
1.380232558139535,0.1300000000001091
1.3813953488372093,5.559999999999945
1.3825581395348838,-4.0
1.3837209302325582,6.309999999999945
1.3848837209302325,-1.0
1.386046511627907,1.25
1.3872093023255814,4.809999999999945
1.3883720930232557,-3.619999999999891
1.3895348837209305,6.880000000000109
1.3906976744186048,-1.9400000000000543
1.3918604651162791,2.380000000000109
1.3930232558139537,3.880000000000109
1.394186046511628,-2.869999999999891
1.3953488372093024,7.059999999999945
1.396511627906977,-2.6900000000000546
1.3976744186046512,3.5
1.3988372093023256,2.75
1.4,-2.309999999999945
1.401162790697675,6.880000000000109
1.402325581395349,-3.4400000000000546
1.4034883720930234,4.630000000000109
1.4046511627906977,1.4400000000000546
1.4058139534883722,-1.3699999999998909
1.4069767441860466,6.5
1.408139534883721,-3.8099999999999454
1.4093023255813957,5.380000000000109
1.4104651162790698,0.3099999999999454
1.411627906976744,-0.4400000000000545
1.412790697674419,5.940000000000055
1.413953488372093,-4.0
1.4151162790697676,6.309999999999945
1.416279069767442,-0.6199999999998909
1.4174418604651169,1.25
1.4186046511627908,4.440000000000055
1.419767441860465,-2.119999999999891
1.42093023255814,5.380000000000109
1.422093023255814,-1.1900000000000546
1.4232558139534883,3.309999999999945
1.424418604651163,2.9400000000000546
1.4255813953488372,-1.5599999999999454
1.4267441860465118,6.309999999999945
1.427906976744186,-2.309999999999945
1.4290697674418606,4.25
1.430232558139535,1.4400000000000546
1.431395348837209,-0.25
1.432558139534884,5.559999999999945
1.4337209302325582,-0.25
1.4348837209302323,4.630000000000109
1.436046511627907,3.880000000000109
1.4372093023255814,3.690000000000055
1.438372093023256,3.880000000000109
1.4395348837209303,3.5
1.4406976744186046,3.880000000000109
1.4418604651162792,3.5
1.4430232558139533,3.5
1.4441860465116283,3.690000000000055
1.4453488372093024,3.130000000000109
1.4465116279069763,3.690000000000055
1.4476744186046513,3.130000000000109
1.4488372093023256,3.309999999999945
1.4500000000000002,3.5
1.4511627906976745,3.130000000000109
1.4523255813953488,3.5
1.4534883720930234,3.130000000000109
1.4546511627906975,3.309999999999945
1.4558139534883725,3.309999999999945
1.4569767441860466,2.9400000000000546
1.458139534883721,3.309999999999945
1.4593023255813955,2.75
1.4604651162790698,3.130000000000109
1.4616279069767442,3.130000000000109
1.4627906976744185,2.9400000000000546
1.463953488372093,3.309999999999945
1.4651162790697676,2.75
1.4662790697674415,3.130000000000109
1.4674418604651165,2.9400000000000546
1.4686046511627908,2.75
1.4697674418604652,3.130000000000109
1.4709302325581397,2.559999999999945
1.472093023255814,3.130000000000109
1.4732558139534884,2.75
1.474418604651163,2.75
1.4755813953488373,3.130000000000109
1.4767441860465118,2.380000000000109
1.477906976744186,2.9400000000000546
1.4790697674418607,2.559999999999945
1.480232558139535,2.75
1.4813953488372094,2.9400000000000546
1.4825581395348837,2.559999999999945
1.4837209302325582,2.9400000000000546
1.4848837209302326,2.559999999999945
1.4860465116279071,2.75
1.4872093023255817,2.75
1.4883720930232558,2.380000000000109
1.4895348837209303,2.9400000000000546
1.490697674418605,2.380000000000109
1.4918604651162792,2.75
1.4930232558139536,2.75
1.494186046511628,2.380000000000109
1.495348837209303,2.75
1.4965116279069768,2.380000000000109
1.4976744186046511,2.75
1.498837209302326,2.380000000000109
1.5,2.380000000000109
1.5011627906976746,2.75
1.5023255813953489,2.1900000000000546
1.5034883720930234,2.75
1.5046511627906978,2.380000000000109
1.505813953488372,2.380000000000109
1.5069767441860469,2.75
1.508139534883721,2.1900000000000546
1.509302325581395,2.559999999999945
1.51046511627907,2.380000000000109
1.5116279069767442,2.1900000000000546
1.5127906976744188,2.559999999999945
1.513953488372093,2.0
1.5151162790697674,2.559999999999945
1.516279069767442,2.1900000000000546
1.517441860465116,2.380000000000109
1.518604651162791,2.559999999999945
1.5197674418604652,2.0
1.5209302325581393,2.559999999999945
1.522093023255814,2.1900000000000546
1.5232558139534884,2.380000000000109
1.524418604651163,2.380000000000109
1.5255813953488373,2.0
1.5267441860465116,2.559999999999945
1.5279069767441862,2.0
1.5290697674418603,2.380000000000109
1.530232558139535,2.380000000000109
1.5313953488372094,2.0
1.5325581395348835,2.380000000000109
1.5337209302325585,2.0
1.5348837209302326,2.380000000000109
1.536046511627907,2.1900000000000546
1.5372093023255813,2.0
1.5383720930232558,2.559999999999945
1.5395348837209304,1.8099999999999448
1.5406976744186045,2.380000000000109
1.541860465116279,2.0
1.5430232558139536,2.0
1.5441860465116275,2.380000000000109
1.5453488372093025,1.8099999999999448
1.5465116279069768,2.1900000000000546
1.5476744186046512,2.0
1.5488372093023255,2.0
1.5500000000000005,2.1900000000000546
1.5511627906976746,1.8099999999999448
1.552325581395349,2.380000000000109
1.5534883720930233,1.8099999999999448
1.5546511627906978,2.1900000000000546
1.555813953488372,2.1900000000000546
1.5569767441860467,1.6300000000001091
1.558139534883721,2.380000000000109
1.5593023255813954,1.8099999999999448
1.5604651162790697,2.1900000000000546
1.5616279069767445,2.1900000000000546
1.5627906976744186,1.8099999999999448
1.5639534883720931,2.380000000000109
1.5651162790697677,1.8099999999999448
1.566279069767442,2.1900000000000546
1.5674418604651164,2.0
1.568604651162791,1.8099999999999448
1.5697674418604652,2.380000000000109
1.5709302325581396,1.6300000000001091
1.572093023255814,2.1900000000000546
1.573255813953489,2.0
1.5744186046511628,1.8099999999999448
1.5755813953488371,2.1900000000000546
1.576744186046512,1.6300000000001091
1.5779069767441862,2.1900000000000546
1.5790697674418606,1.8099999999999448
1.580232558139535,1.8099999999999448
1.5813953488372094,2.1900000000000546
1.5825581395348838,1.6300000000001091
1.583720930232558,2.1900000000000546
1.5848837209302329,1.8099999999999448
1.586046511627907,2.0
1.5872093023255816,2.0
1.588372093023256,1.6300000000001091
1.5895348837209302,2.1900000000000546
1.5906976744186048,1.6300000000001091
1.591860465116279,1.8099999999999448
1.593023255813954,2.0
1.594186046511628,1.6300000000001091
1.595348837209302,2.0
1.596511627906977,1.6300000000001091
1.5976744186046512,1.8099999999999448
1.5988372093023258,2.0
1.6,1.6300000000001091
1.6011627906976744,2.0
1.602325581395349,1.6300000000001091
1.6034883720930233,2.0
1.604651162790698,2.0
1.6058139534883722,1.6300000000001091
1.6069767441860463,2.0
1.608139534883721,1.4400000000000546
1.6093023255813954,2.0
1.6104651162790695,1.8099999999999448
1.6116279069767443,1.6300000000001091
1.6127906976744186,2.0
1.6139534883720932,1.6300000000001091
1.6151162790697673,2.0
1.6162790697674418,1.6300000000001091
1.6174418604651164,1.8099999999999448
1.6186046511627905,2.0
1.6197674418604653,1.4400000000000546
1.6209302325581396,2.0
1.622093023255814,1.6300000000001091
1.6232558139534885,1.8099999999999448
1.6244186046511628,1.8099999999999448
1.6255813953488374,1.4400000000000546
1.6267441860465115,2.0
1.6279069767441865,1.4400000000000546
1.6290697674418606,1.8099999999999448
1.630232558139535,1.8099999999999448
1.6313953488372093,1.4400000000000546
1.6325581395348838,2.0
1.6337209302325582,1.4400000000000546
1.6348837209302325,1.8099999999999448
1.636046511627907,1.6300000000001091
1.6372093023255814,1.4400000000000546
1.6383720930232557,1.8099999999999448
1.6395348837209305,1.25
1.6406976744186048,1.8099999999999448
1.6418604651162791,1.6300000000001091
1.6430232558139537,1.4400000000000546
1.644186046511628,1.8099999999999448
1.6453488372093024,1.4400000000000546
1.646511627906977,1.8099999999999448
1.6476744186046512,1.4400000000000546
1.6488372093023256,1.4400000000000546
1.65,1.8099999999999448
1.651162790697675,1.25
1.652325581395349,1.8099999999999448
1.6534883720930234,1.4400000000000546
1.6546511627906977,1.4400000000000546
1.6558139534883722,1.6300000000001091
1.6569767441860466,1.25
1.658139534883721,1.8099999999999448
1.659302325581396,1.25
1.6604651162790698,1.6300000000001091
1.661627906976744,1.6300000000001091
1.662790697674419,1.25
1.663953488372093,1.8099999999999448
1.6651162790697682,1.25
1.666279069767442,1.6300000000001091
1.6674418604651169,1.6300000000001091
1.6686046511627906,1.4400000000000546
1.669767441860465,1.8099999999999448
1.67093023255814,1.25
1.6720930232558138,1.6300000000001091
1.6732558139534883,1.4400000000000546
1.674418604651163,1.4400000000000546
1.6755813953488372,1.6300000000001091
1.6767441860465122,1.25
1.677906976744186,1.6300000000001091
1.6790697674418602,1.4400000000000546
1.680232558139535,1.4400000000000546
1.681395348837209,1.6300000000001091
1.682558139534884,1.25
1.6837209302325582,1.6300000000001091
1.6848837209302323,1.4400000000000546
1.686046511627907,1.4400000000000546
1.687209302325581,1.6300000000001091
1.6883720930232562,1.25
1.6895348837209303,1.6300000000001091
1.6906976744186046,1.25
1.6918604651162792,1.4400000000000546
1.6930232558139533,1.6300000000001091
1.6941860465116283,1.25
1.6953488372093026,1.6300000000001091
1.6965116279069763,1.25
1.6976744186046513,1.4400000000000546
1.698837209302325,1.4400000000000546
1.7000000000000002,1.25
1.7011627906976745,1.6300000000001091
1.702325581395349,1.0599999999999454
1.7034883720930234,1.4400000000000546
1.7046511627906973,1.25
1.7058139534883725,1.25
1.7069767441860466,1.6300000000001091
1.708139534883721,1.0599999999999454
1.7093023255813955,1.4400000000000546
1.7104651162790698,1.25
1.7116279069767442,1.25
1.7127906976744185,1.6300000000001091
1.713953488372093,1.0599999999999454
1.7151162790697685,1.6300000000001091
1.7162790697674415,1.25
1.7174418604651165,1.25
1.7186046511627906,1.6300000000001091
1.7197674418604652,0.8800000000001091
1.7209302325581397,1.6300000000001091
1.7220930232558138,1.25
1.723255813953488,1.25
1.724418604651163,1.4400000000000546
1.7255813953488373,1.0599999999999454
1.7267441860465125,1.6300000000001091
1.727906976744186,1.25
1.7290697674418607,1.4400000000000546
1.730232558139535,1.4400000000000546
1.731395348837209,1.0599999999999454
1.7325581395348837,1.6300000000001091
1.7337209302325582,1.0599999999999454
1.7348837209302326,1.4400000000000546
1.7360465116279071,1.25
1.7372093023255817,1.0599999999999454
1.7383720930232562,1.6300000000001091
1.7395348837209306,1.0599999999999454
1.740697674418605,1.4400000000000546
1.7418604651162792,1.25
1.743023255813953,1.0599999999999454
1.744186046511628,1.6300000000001091
1.745348837209303,0.8800000000001091
1.746511627906977,1.4400000000000546
1.7476744186046511,1.25
1.7488372093023254,1.25
1.7500000000000002,1.4400000000000546
1.7511627906976746,0.8800000000001091
1.7523255813953489,1.6300000000001091
1.7534883720930234,1.25
1.7546511627906978,1.25
1.755813953488372,1.4400000000000546
1.7569767441860469,0.8800000000001091
1.758139534883721,1.4400000000000546
1.759302325581395,1.0599999999999454
1.76046511627907,1.0599999999999454
1.7616279069767442,1.25
1.7627906976744183,0.8800000000001091
1.763953488372093,1.4400000000000546
1.7651162790697674,1.0599999999999454
1.7662790697674418,1.25
1.767441860465116,1.25
1.768604651162791,0.8800000000001091
1.7697674418604652,1.4400000000000546
1.7709302325581402,0.8800000000001091
1.772093023255814,1.25
1.7732558139534882,1.0599999999999454
1.774418604651163,1.0599999999999454
1.7755813953488373,1.25
1.7767441860465123,0.8800000000001091
1.7779069767441862,1.25
1.7790697674418603,1.0599999999999454
1.780232558139535,1.0599999999999454
1.781395348837209,1.25
1.7825581395348835,0.8800000000001091
1.7837209302325585,1.4400000000000546
1.7848837209302326,0.8800000000001091
1.786046511627907,1.25
1.7872093023255813,1.25
1.7883720930232565,0.8800000000001091
1.7895348837209306,1.4400000000000546
1.7906976744186045,0.8800000000001091
1.791860465116279,1.25
1.793023255813953,1.25
1.7941860465116282,0.8800000000001091
1.7953488372093025,1.4400000000000546
1.796511627906977,0.8800000000001091
1.7976744186046512,1.0599999999999454
1.7988372093023255,1.25
1.8000000000000005,1.0599999999999454
1.8011627906976746,1.25
1.802325581395349,0.8800000000001091
1.8034883720930237,1.25
1.8046511627906976,1.25
1.805813953488372,0.8800000000001091
1.8069767441860467,1.4400000000000546
1.808139534883721,0.8800000000001091
1.8093023255813956,1.4400000000000546
1.8104651162790693,1.0599999999999454
1.8116279069767445,0.8800000000001091
1.8127906976744184,1.25
1.8139534883720927,0.6900000000000546
1.815116279069768,1.25
1.8162790697674416,0.8800000000001091
1.817441860465116,0.8800000000001091
1.818604651162791,1.25
1.8197674418604648,0.8800000000001091
1.82093023255814,1.25
1.822093023255814,0.8800000000001091
1.823255813953489,1.0599999999999454
1.8244186046511623,1.25
1.825581395348837,0.6900000000000546
1.826744186046512,1.25
1.8279069767441856,0.8800000000001091
1.8290697674418608,1.0599999999999454
1.830232558139535,1.0599999999999454
1.8313953488372092,0.6900000000000546
1.832558139534884,1.25
1.833720930232558,0.6900000000000546
1.8348837209302329,1.0599999999999454
1.836046511627907,1.0599999999999454
1.8372093023255809,0.6900000000000546
1.838372093023256,1.25
1.8395348837209304,0.6900000000000546
1.840697674418605,1.0599999999999454
1.841860465116279,0.8800000000001091
1.843023255813953,0.8800000000001091
1.844186046511628,1.0599999999999454
1.845348837209302,0.6900000000000546
1.846511627906977,1.0599999999999454
1.8476744186046512,0.6900000000000546
1.8488372093023255,0.8800000000001091
1.85,1.0599999999999454
1.8511627906976744,0.6900000000000546
1.852325581395349,1.0599999999999454
1.8534883720930235,0.6900000000000546
1.854651162790697,0.8800000000001091
1.855813953488372,1.0599999999999454
1.8569767441860463,0.5
1.8581395348837209,1.25
1.859302325581396,0.6900000000000546
1.86046511627907,0.8800000000001091
1.8616279069767443,1.0599999999999454
1.8627906976744184,0.6900000000000546
1.863953488372093,1.0599999999999454
1.865116279069768,0.6900000000000546
1.866279069767442,1.0599999999999454
1.8674418604651164,0.8800000000001091
1.8686046511627907,0.6900000000000546
1.869767441860465,1.0599999999999454
1.8709302325581396,0.6900000000000546
1.8720930232558144,1.0599999999999454
1.8732558139534885,0.8800000000001091
1.8744186046511624,0.6900000000000546
1.8755813953488367,1.0599999999999454
1.8767441860465124,0.5
1.8779069767441865,1.0599999999999454
1.8790697674418608,0.8800000000001091
1.880232558139535,0.6900000000000546
1.8813953488372093,1.0599999999999454
1.882558139534884,0.5
1.8837209302325584,1.0599999999999454
1.8848837209302327,0.6900000000000546
1.886046511627907,0.6900000000000546
1.8872093023255812,0.8800000000001091
1.888372093023256,0.5
1.8895348837209305,1.0599999999999454
1.8906976744186048,0.5
1.8918604651162791,0.8800000000001091
1.8930232558139533,0.8800000000001091
1.8941860465116285,0.5
1.8953488372093024,1.0599999999999454
1.896511627906977,0.5
1.8976744186046512,0.8800000000001091
1.8988372093023256,0.8800000000001091
1.9000000000000004,0.6900000000000546
1.901162790697675,1.0599999999999454
1.902325581395349,0.5
1.9034883720930236,0.8800000000001091
1.9046511627906968,0.8800000000001091
1.905813953488372,0.6900000000000546
1.9069767441860468,1.0599999999999454
1.908139534883721,0.5
1.9093023255813963,0.8800000000001091
1.9104651162790696,0.6900000000000546
1.911627906976744,0.6900000000000546
1.912790697674419,1.0599999999999454
1.9139534883720928,0.5
1.915116279069768,1.0599999999999454
1.916279069767442,0.6900000000000546
1.917441860465116,0.8800000000001091
1.9186046511627903,1.0599999999999454
1.919767441860465,0.5
1.92093023255814,1.0599999999999454
1.922093023255814,0.6900000000000546
1.9232558139534883,0.8800000000001091
1.9244186046511629,0.8800000000001091
1.925581395348837,0.5
1.926744186046512,1.0599999999999454
1.927906976744186,0.5
1.92906976744186,0.8800000000001091
1.9302325581395348,0.8800000000001091
1.931395348837209,0.5
1.9325581395348843,1.0599999999999454
1.9337209302325584,0.5
1.9348837209302323,0.8800000000001091
1.9360465116279069,0.8800000000001091
1.9372093023255808,0.5
1.938372093023256,1.0599999999999454
1.9395348837209303,0.5
1.9406976744186049,0.8800000000001091
1.941860465116279,0.8800000000001091
1.9430232558139535,0.6900000000000546
1.944186046511628,1.0599999999999454
1.9453488372093024,0.5
1.9465116279069767,0.8800000000001091
1.947674418604651,0.6900000000000546
1.9488372093023256,0.6900000000000546
1.95,1.0599999999999454
1.9511627906976745,0.5
1.9523255813953488,1.0599999999999454
1.9534883720930232,0.6900000000000546
1.954651162790698,0.6900000000000546
1.9558139534883725,0.8800000000001091
1.9569767441860464,0.6900000000000546
1.958139534883721,1.0599999999999454
1.9593023255813955,0.6900000000000546
1.96046511627907,0.8800000000001091
1.9616279069767444,0.8800000000001091
1.9627906976744187,0.5
1.963953488372093,1.0599999999999454
1.9651162790697676,0.5
1.9662790697674413,0.8800000000001091
1.9674418604651165,0.8800000000001091
1.9686046511627904,0.6900000000000546
1.9697674418604647,1.0599999999999454
1.9709302325581404,0.6900000000000546
1.9720930232558136,1.0599999999999454
1.9732558139534888,0.6900000000000546
1.974418604651163,0.6900000000000546
1.9755813953488373,1.0599999999999454
1.976744186046512,0.5
1.977906976744186,1.0599999999999454
1.9790697674418607,0.6900000000000546
1.980232558139535,0.6900000000000546
1.9813953488372091,1.0599999999999454
1.982558139534884,0.5
1.983720930232558,1.0599999999999454
1.9848837209302328,0.6900000000000546
1.9860465116279071,0.6900000000000546
1.9872093023255812,1.0599999999999454
1.988372093023256,0.5
1.98953488372093,1.0599999999999454
1.990697674418605,0.6900000000000546
1.9918604651162792,0.6900000000000546
1.9930232558139536,1.0599999999999454
1.9941860465116283,0.5
1.9953488372093025,1.0599999999999454
1.996511627906977,0.5
1.9976744186046516,0.8800000000001091
1.9988372093023248,0.8800000000001091
2.0,0.6900000000000546
2.0011627906976743,1.0599999999999454
2.002325581395349,0.5
2.0034883720930234,0.8800000000001091
2.0046511627906978,0.6900000000000546
2.005813953488372,0.6900000000000546
2.0069767441860464,1.0599999999999454
2.008139534883721,0.5
2.009302325581396,1.0599999999999454
2.01046511627907,0.8800000000001091
2.011627906976744,0.5
2.0127906976744185,0.8800000000001091
2.013953488372093,0.3099999999999454
2.015116279069768,1.0599999999999454
2.016279069767442,0.6900000000000546
2.0174418604651163,0.6900000000000546
2.01860465116279,0.8800000000001091
2.019767441860465,0.5
2.02093023255814,1.0599999999999454
2.022093023255814,0.5
2.0232558139534884,0.6900000000000546
2.0244186046511627,0.8800000000001091
2.025581395348837,0.5
2.0267441860465123,1.0599999999999454
2.027906976744186,0.5
2.0290697674418605,0.6900000000000546
2.030232558139535,0.8800000000001091
2.031395348837209,0.5
2.0325581395348844,0.8800000000001091
2.0337209302325583,0.5
2.0348837209302326,0.8800000000001091
2.036046511627907,0.6900000000000546
2.0372093023255813,0.5
2.038372093023256,0.8800000000001091
2.0395348837209304,0.5
2.0406976744186047,0.8800000000001091
2.041860465116279,0.6900000000000546
2.0430232558139534,0.5
2.044186046511628,0.8800000000001091
2.0453488372093025,0.5
2.046511627906977,0.8800000000001091
2.047674418604651,0.5
2.048837209302325,0.5
2.0500000000000003,0.8800000000001091
2.0511627906976746,0.3099999999999454
2.052325581395349,0.8800000000001091
2.0534883720930237,0.5
2.0546511627906976,0.5
2.0558139534883724,0.6900000000000546
2.0569767441860467,0.3099999999999454
2.058139534883721,0.8800000000001091
2.059302325581396,0.5
2.0604651162790693,0.6900000000000546
2.0616279069767445,0.6900000000000546
2.062790697674419,0.5
2.063953488372093,0.8800000000001091
2.0651162790697684,0.3099999999999454
2.066279069767442,0.6900000000000546
2.067441860465116,0.6900000000000546
2.068604651162791,0.5
2.069767441860465,0.8800000000001091
2.07093023255814,0.5
2.072093023255814,0.6900000000000546
2.073255813953488,0.6900000000000546
2.074418604651163,0.5
2.0755813953488373,0.8800000000001091
2.076744186046512,0.3099999999999454
2.077906976744186,0.8800000000001091
2.0790697674418603,0.5
2.080232558139535,0.5
2.081395348837209,0.8800000000001091
2.082558139534884,0.3099999999999454
2.083720930232558,0.6900000000000546
2.0848837209302324,0.5
2.086046511627907,0.5
2.0872093023255816,0.6900000000000546
2.0883720930232563,0.3099999999999454
2.08953488372093,0.8800000000001091
2.0906976744186045,0.3099999999999454
2.0918604651162798,0.6900000000000546
2.093023255813953,0.6900000000000546
2.094186046511628,0.3099999999999454
2.0953488372093023,0.8800000000001091
2.0965116279069766,0.3099999999999454
2.0976744186046514,0.6900000000000546
2.0988372093023258,0.6900000000000546
2.1,0.5
2.1011627906976744,0.8800000000001091
2.102325581395349,0.3099999999999454
2.103488372093024,0.6900000000000546
2.104651162790698,0.6900000000000546
2.105813953488372,0.3099999999999454
2.1069767441860465,0.8800000000001091
2.108139534883721,0.3099999999999454
2.109302325581396,0.8800000000001091
2.11046511627907,0.5
2.1116279069767443,0.5
2.112790697674418,0.6900000000000546
2.113953488372093,0.3099999999999454
2.1151162790697677,0.8800000000001091
2.116279069767442,0.5
2.1174418604651164,0.5
2.1186046511627907,0.5
2.119767441860465,0.3099999999999454
2.1209302325581394,0.8800000000001091
2.122093023255814,0.5
2.1232558139534885,0.6900000000000546
2.1244186046511624,0.6900000000000546
2.125581395348837,0.3099999999999454
2.1267441860465124,0.8800000000001091
2.1279069767441863,0.3099999999999454
2.1290697674418606,0.6900000000000546
2.130232558139535,0.6900000000000546
2.1313953488372093,0.3099999999999454
2.132558139534884,0.8800000000001091
2.1337209302325584,0.3099999999999454
2.1348837209302327,0.6900000000000546
2.136046511627907,0.6900000000000546
2.1372093023255814,0.5
2.138372093023256,0.6900000000000546
2.1395348837209305,0.3099999999999454
2.140697674418605,0.8800000000001091
2.141860465116279,0.5
2.143023255813953,0.5
2.1441860465116283,0.6900000000000546
2.1453488372093026,0.1300000000001091
2.146511627906977,0.8800000000001091
2.1476744186046512,0.5
2.1488372093023256,0.5
2.1500000000000004,0.6900000000000546
2.1511627906976747,0.3099999999999454
2.152325581395349,0.6900000000000546
2.153488372093024,0.5
2.154651162790697,0.5
2.155813953488372,0.6900000000000546
2.156976744186047,0.3099999999999454
2.158139534883721,0.6900000000000546
2.1593023255813963,0.3099999999999454
2.16046511627907,0.5
2.161627906976744,0.6900000000000546
2.162790697674419,0.3099999999999454
2.163953488372093,0.8800000000001091
2.165116279069768,0.3099999999999454
2.166279069767442,0.6900000000000546
2.167441860465116,0.5
2.1686046511627906,0.3099999999999454
2.1697674418604653,0.6900000000000546
2.17093023255814,0.3099999999999454
2.172093023255814,0.6900000000000546
2.1732558139534883,0.5
2.1744186046511627,0.3099999999999454
2.175581395348837,0.6900000000000546
2.176744186046512,0.3099999999999454
2.177906976744186,0.6900000000000546
2.17906976744186,0.3099999999999454
2.1802325581395348,0.5
2.181395348837209,0.6900000000000546
2.1825581395348843,0.1300000000001091
2.183720930232558,0.6900000000000546
2.1848837209302325,0.5
2.186046511627907,0.5
2.187209302325581,0.6900000000000546
2.188372093023256,0.1300000000001091
2.1895348837209303,0.8800000000001091
2.1906976744186046,0.3099999999999454
2.191860465116279,0.6900000000000546
2.1930232558139537,0.6900000000000546
2.194186046511628,0.3099999999999454
2.1953488372093024,0.8800000000001091
2.1965116279069767,0.3099999999999454
2.197674418604651,0.6900000000000546
2.198837209302326,0.6900000000000546
2.2,0.3099999999999454
2.2011627906976745,0.6900000000000546
2.202325581395349,0.3099999999999454
2.203488372093023,0.6900000000000546
2.204651162790698,0.5
2.2058139534883723,0.3099999999999454
2.2069767441860466,0.6900000000000546
2.208139534883721,0.1300000000001091
2.2093023255813957,0.6900000000000546
2.21046511627907,0.5
2.2116279069767444,0.3099999999999454
2.2127906976744187,0.6900000000000546
2.213953488372093,0.1300000000001091
2.2151162790697674,0.6900000000000546
2.2162790697674413,0.3099999999999454
2.2174418604651165,0.5
2.2186046511627904,0.6900000000000546
2.219767441860465,0.3099999999999454
2.2209302325581404,0.6900000000000546
2.222093023255814,0.3099999999999454
2.2232558139534886,0.5
2.224418604651163,0.5
2.2255813953488373,0.1300000000001091
2.226744186046512,0.6900000000000546
2.227906976744186,0.1300000000001091
2.2290697674418607,0.5
2.230232558139535,0.5
2.2313953488372094,0.1300000000001091
2.232558139534884,0.6900000000000546
2.233720930232558,0.1300000000001091
2.234883720930233,0.5
2.236046511627907,0.5
2.237209302325581,0.3099999999999454
2.238372093023256,0.6900000000000546
2.23953488372093,0.1300000000001091
2.240697674418605,0.5
2.2418604651162792,0.3099999999999454
2.2430232558139536,0.1300000000001091
2.2441860465116283,0.6900000000000546
2.2453488372093022,0.1300000000001091
2.246511627906977,0.5
2.247674418604652,0.3099999999999454
2.248837209302325,0.3099999999999454
2.25,0.5
2.2511627906976743,0.1300000000001091
2.252325581395349,0.5
2.2534883720930234,0.3099999999999454
2.2546511627906978,0.3099999999999454
2.255813953488372,0.5
2.2569767441860464,0.1300000000001091
2.258139534883721,0.6900000000000546
2.259302325581396,0.1300000000001091
2.26046511627907,0.3099999999999454
2.261627906976744,0.5
2.2627906976744185,0.1300000000001091
2.263953488372093,0.6900000000000546
2.265116279069768,0.1300000000001091
2.266279069767442,0.3099999999999454
2.2674418604651163,0.3099999999999454
2.26860465116279,0.1300000000001091
2.269767441860465,0.5
2.27093023255814,0.1300000000001091
2.272093023255814,0.5
2.2732558139534884,0.3099999999999454
2.2744186046511627,0.1300000000001091
2.275581395348837,0.6900000000000546
2.2767441860465123,-0.0599999999999454
2.277906976744186,0.5
2.2790697674418605,0.3099999999999454
2.280232558139535,0.1300000000001091
2.281395348837209,0.6900000000000546
2.2825581395348844,0.1300000000001091
2.2837209302325583,0.6900000000000546
2.2848837209302326,0.3099999999999454
2.286046511627907,0.5
2.2872093023255813,0.5
2.288372093023256,0.1300000000001091
2.2895348837209304,0.6900000000000546
2.2906976744186047,0.1300000000001091
2.291860465116279,0.3099999999999454
2.2930232558139534,0.5
2.294186046511628,0.1300000000001091
2.2953488372093025,0.5
2.296511627906977,0.1300000000001091
2.297674418604651,0.5
2.298837209302325,0.3099999999999454
2.3000000000000003,0.1300000000001091
2.3011627906976746,0.5
2.302325581395349,-0.0599999999999454
2.3034883720930237,0.5
2.3046511627906976,0.3099999999999454
2.3058139534883724,0.1300000000001091
2.3069767441860467,0.6900000000000546
2.308139534883721,0.1300000000001091
2.309302325581396,0.5
2.3104651162790693,0.3099999999999454
2.311627906976744,0.1300000000001091
2.312790697674419,0.5
2.313953488372093,0.1300000000001091
2.3151162790697684,0.5
2.316279069767442,0.3099999999999454
2.317441860465116,0.3099999999999454
2.318604651162791,0.5
2.319767441860465,0.1300000000001091
2.32093023255814,0.5
2.322093023255814,0.1300000000001091
2.323255813953488,0.3099999999999454
2.324418604651163,0.5
2.3255813953488373,0.1300000000001091
2.326744186046512,0.6900000000000546
2.327906976744186,0.1300000000001091
2.3290697674418603,0.3099999999999454
2.330232558139535,0.5
2.331395348837209,0.1300000000001091
2.332558139534884,0.6900000000000546
2.333720930232558,0.1300000000001091
2.3348837209302324,0.3099999999999454
2.336046511627907,0.3099999999999454
2.3372093023255816,0.1300000000001091
2.3383720930232563,0.6900000000000546
2.33953488372093,0.1300000000001091
2.3406976744186045,0.5
2.3418604651162798,0.3099999999999454
2.343023255813953,0.1300000000001091
2.344186046511628,0.5
2.3453488372093023,0.1300000000001091
2.3465116279069766,0.5
2.3476744186046514,0.3099999999999454
2.3488372093023258,0.3099999999999454
2.35,0.5
2.3511627906976744,0.1300000000001091
2.352325581395349,0.5
2.353488372093024,0.1300000000001091
2.354651162790698,0.3099999999999454
2.355813953488372,0.5
2.3569767441860465,-0.0599999999999454
2.358139534883721,0.6900000000000546
2.359302325581396,0.1300000000001091
2.36046511627907,0.5
2.3616279069767443,0.5
2.362790697674418,0.1300000000001091
2.363953488372093,0.6900000000000546
2.3651162790697677,-0.0599999999999454
2.366279069767442,0.5
2.3674418604651164,0.3099999999999454
2.3686046511627907,0.1300000000001091
2.369767441860465,0.6900000000000546
2.3709302325581394,0.1300000000001091
2.372093023255814,0.5
2.3732558139534885,0.3099999999999454
2.3744186046511624,0.1300000000001091
2.375581395348837,0.5
2.3767441860465124,0.1300000000001091
2.3779069767441863,0.5
2.3790697674418606,0.3099999999999454
2.380232558139535,0.3099999999999454
2.3813953488372093,0.5
2.382558139534884,0.1300000000001091
2.3837209302325584,0.5
2.3848837209302327,0.1300000000001091
2.386046511627907,0.3099999999999454
2.3872093023255814,0.5
2.388372093023256,0.1300000000001091
2.3895348837209305,0.5
2.390697674418605,0.1300000000001091
2.391860465116279,0.3099999999999454
2.393023255813953,0.5
2.3941860465116283,0.1300000000001091
2.3953488372093026,0.5
2.396511627906977,0.1300000000001091
2.3976744186046512,0.3099999999999454
2.3988372093023256,0.3099999999999454
2.4000000000000004,0.1300000000001091
2.4011627906976747,0.5
2.402325581395349,-0.0599999999999454
2.403488372093024,0.3099999999999454
2.404651162790697,0.1300000000001091
2.405813953488372,0.1300000000001091
2.406976744186047,0.5
2.408139534883721,-0.0599999999999454
2.4093023255813963,0.5
2.41046511627907,0.1300000000001091
2.411627906976744,0.1300000000001091
2.4127906976744184,0.5
2.413953488372093,-0.0599999999999454
2.415116279069768,0.5
2.416279069767442,0.1300000000001091
2.417441860465116,0.1300000000001091
2.4186046511627906,0.5
2.4197674418604653,-0.0599999999999454
2.42093023255814,0.5
2.422093023255814,-0.0599999999999454
2.4232558139534883,0.1300000000001091
2.4244186046511627,0.3099999999999454
2.425581395348837,-0.0599999999999454
2.426744186046512,0.3099999999999454
2.427906976744186,0.1300000000001091
2.42906976744186,0.3099999999999454
2.4302325581395348,0.3099999999999454
2.431395348837209,-0.0599999999999454
2.4325581395348843,0.5
2.433720930232558,-0.0599999999999454
2.4348837209302325,0.3099999999999454
2.436046511627907,0.1300000000001091
2.437209302325581,-0.0599999999999454
2.438372093023256,0.5
2.4395348837209303,-0.25
2.4406976744186046,0.3099999999999454
2.441860465116279,0.1300000000001091
2.4430232558139537,0.1300000000001091
2.444186046511628,0.3099999999999454
2.4453488372093024,-0.0599999999999454
2.4465116279069767,0.3099999999999454
2.447674418604651,0.1300000000001091
2.448837209302326,0.1300000000001091
2.45,0.3099999999999454
2.4511627906976745,-0.0599999999999454
2.452325581395349,0.3099999999999454
2.453488372093023,0.1300000000001091
2.454651162790698,0.1300000000001091
2.4558139534883723,0.3099999999999454
2.4569767441860466,-0.0599999999999454
2.458139534883721,0.5
2.4593023255813957,-0.0599999999999454
2.46046511627907,0.1300000000001091
2.4616279069767444,0.3099999999999454
2.4627906976744187,-0.0599999999999454
2.463953488372093,0.5
2.4651162790697674,-0.0599999999999454
2.4662790697674413,0.1300000000001091
2.4674418604651165,0.3099999999999454
2.4686046511627904,-0.0599999999999454
2.469767441860465,0.5
2.4709302325581404,-0.0599999999999454
2.472093023255814,0.3099999999999454
2.4732558139534886,0.1300000000001091
2.474418604651163,0.1300000000001091
2.4755813953488373,0.3099999999999454
2.476744186046512,-0.0599999999999454
2.477906976744186,0.3099999999999454
2.4790697674418607,0.1300000000001091
2.480232558139535,-0.0599999999999454
2.4813953488372094,0.5
2.482558139534884,-0.25
2.483720930232558,0.3099999999999454
2.484883720930233,0.1300000000001091
2.486046511627907,0.1300000000001091
2.487209302325581,0.3099999999999454
2.488372093023256,-0.0599999999999454
2.48953488372093,0.3099999999999454
2.490697674418605,-0.0599999999999454
2.4918604651162792,0.1300000000001091
2.4930232558139536,0.3099999999999454
2.4941860465116283,-0.25
2.4953488372093022,0.5
2.496511627906977,-0.0599999999999454
2.497674418604652,0.1300000000001091
2.498837209302325,0.3099999999999454
2.5,-0.25
2.5011627906976743,0.3099999999999454
2.502325581395349,-0.0599999999999454
2.5034883720930234,0.3099999999999454
2.5046511627906978,0.1300000000001091
2.505813953488372,-0.0599999999999454
2.5069767441860464,0.3099999999999454
2.508139534883721,-0.0599999999999454
2.509302325581396,0.3099999999999454
2.51046511627907,0.1300000000001091
2.511627906976744,-0.0599999999999454
2.5127906976744185,0.5
2.513953488372093,-0.25
2.515116279069768,0.3099999999999454
2.516279069767442,0.1300000000001091
2.5174418604651163,-0.0599999999999454
2.51860465116279,0.3099999999999454
2.519767441860465,-0.0599999999999454
2.52093023255814,0.3099999999999454
2.522093023255814,-0.0599999999999454
2.5232558139534884,0.1300000000001091
2.5244186046511627,0.3099999999999454
2.525581395348837,-0.0599999999999454
2.5267441860465123,0.5
2.527906976744186,-0.0599999999999454
2.5290697674418605,0.1300000000001091
2.530232558139535,0.1300000000001091
2.531395348837209,-0.0599999999999454
2.5325581395348844,0.3099999999999454
2.5337209302325583,-0.0599999999999454
2.5348837209302326,0.1300000000001091
2.536046511627907,0.1300000000001091
2.5372093023255813,-0.25
2.538372093023256,0.3099999999999454
2.5395348837209304,-0.0599999999999454
2.5406976744186047,0.1300000000001091
2.541860465116279,0.1300000000001091
2.5430232558139534,-0.0599999999999454
2.544186046511628,0.3099999999999454
2.5453488372093025,-0.25
2.546511627906977,0.3099999999999454
2.547674418604651,-0.0599999999999454
2.548837209302325,-0.0599999999999454
2.5500000000000003,0.3099999999999454
2.5511627906976746,-0.25
2.552325581395349,0.3099999999999454
2.5534883720930237,-0.0599999999999454
2.5546511627906976,-0.0599999999999454
2.5558139534883724,0.3099999999999454
2.5569767441860467,-0.25
2.558139534883721,0.3099999999999454
2.559302325581396,-0.0599999999999454
2.5604651162790693,0.1300000000001091
2.561627906976744,0.3099999999999454
2.562790697674419,-0.0599999999999454
2.563953488372093,0.3099999999999454
2.5651162790697684,-0.25
2.566279069767442,0.1300000000001091
2.567441860465116,0.3099999999999454
2.568604651162791,-0.0599999999999454
2.569767441860465,0.3099999999999454
2.57093023255814,-0.0599999999999454
2.572093023255814,0.3099999999999454
2.573255813953488,0.1300000000001091
2.574418604651163,-0.0599999999999454
2.5755813953488373,0.3099999999999454
2.576744186046512,-0.0599999999999454
2.577906976744186,0.1300000000001091
2.5790697674418603,0.1300000000001091
2.580232558139535,-0.0599999999999454
2.581395348837209,0.3099999999999454
2.582558139534884,-0.0599999999999454
2.583720930232558,0.3099999999999454
2.5848837209302324,-0.0599999999999454
2.586046511627907,-0.0599999999999454
2.5872093023255816,0.3099999999999454
2.5883720930232563,-0.0599999999999454
2.58953488372093,0.3099999999999454
2.5906976744186045,-0.0599999999999454
2.5918604651162798,-0.0599999999999454
2.593023255813953,0.1300000000001091
2.594186046511628,-0.25
2.5953488372093023,0.3099999999999454
2.5965116279069766,-0.0599999999999454
2.5976744186046514,0.1300000000001091
2.5988372093023258,0.1300000000001091
2.6,-0.0599999999999454
2.6011627906976744,0.3099999999999454
2.602325581395349,-0.25
2.603488372093024,0.1300000000001091
2.604651162790698,0.1300000000001091
2.605813953488372,-0.25
2.6069767441860465,0.1300000000001091
2.608139534883721,-0.25
2.609302325581395,0.1300000000001091
2.61046511627907,0.1300000000001091
2.6116279069767443,-0.0599999999999454
2.612790697674418,0.3099999999999454
2.613953488372093,-0.25
2.6151162790697677,0.1300000000001091
2.616279069767442,-0.0599999999999454
2.6174418604651164,-0.0599999999999454
2.6186046511627907,0.1300000000001091
2.619767441860465,-0.25
2.6209302325581394,0.1300000000001091
2.622093023255814,-0.0599999999999454
2.6232558139534885,-0.0599999999999454
2.6244186046511624,0.1300000000001091
2.625581395348837,-0.25
2.6267441860465124,0.3099999999999454
2.6279069767441863,-0.25
2.6290697674418606,-0.0599999999999454
2.630232558139535,0.1300000000001091
2.6313953488372093,-0.25
2.632558139534884,0.3099999999999454
2.6337209302325584,-0.25
2.6348837209302327,-0.0599999999999454
2.636046511627907,-0.0599999999999454
2.6372093023255814,-0.25
2.638372093023256,0.1300000000001091
2.6395348837209305,-0.25
2.640697674418605,-0.0599999999999454
2.641860465116279,-0.0599999999999454
2.643023255813953,-0.25
2.6441860465116283,0.1300000000001091
2.6453488372093026,-0.25
2.646511627906977,-0.0599999999999454
2.6476744186046512,-0.0599999999999454
2.6488372093023256,-0.25
2.6500000000000004,0.1300000000001091
2.6511627906976747,-0.4400000000000545
2.652325581395349,-0.0599999999999454
2.653488372093024,-0.25
2.654651162790697,-0.25
2.655813953488372,0.1300000000001091
2.656976744186047,-0.4400000000000545
2.658139534883721,0.1300000000001091
2.6593023255813963,-0.25
2.66046511627907,-0.25
2.661627906976744,-0.0599999999999454
2.6627906976744184,-0.4400000000000545
2.663953488372093,-0.0599999999999454
2.665116279069768,-0.25
2.666279069767442,-0.25
2.667441860465116,-0.0599999999999454
2.6686046511627906,-0.25
2.6697674418604653,0.1300000000001091
2.67093023255814,-0.25
2.672093023255814,-0.0599999999999454
2.6732558139534883,-0.0599999999999454
2.6744186046511627,-0.25
2.675581395348837,-0.0599999999999454
2.676744186046512,-0.4400000000000545
2.677906976744186,-0.0599999999999454
2.67906976744186,-0.25
2.6802325581395348,-0.25
2.681395348837209,0.1300000000001091
2.6825581395348843,-0.25
2.683720930232558,0.1300000000001091
2.6848837209302325,-0.0599999999999454
2.686046511627907,-0.25
2.687209302325581,0.1300000000001091
2.688372093023256,-0.4400000000000545
2.6895348837209303,-0.0599999999999454
2.6906976744186046,-0.25
2.691860465116279,-0.25
2.6930232558139537,-0.0599999999999454
2.694186046511628,-0.25
2.6953488372093024,0.1300000000001091
2.6965116279069767,-0.4400000000000545
2.697674418604651,-0.0599999999999454
2.698837209302326,-0.0599999999999454
2.7,-0.25
2.7011627906976745,-0.0599999999999454
2.702325581395349,-0.25
2.703488372093023,-0.0599999999999454
2.704651162790698,-0.0599999999999454
2.7058139534883723,-0.25
2.7069767441860466,0.1300000000001091
2.708139534883721,-0.25
2.7093023255813957,-0.0599999999999454
2.7104651162790696,-0.0599999999999454
2.7116279069767444,-0.25
2.7127906976744187,-0.0599999999999454
2.713953488372093,-0.4400000000000545
2.7151162790697674,-0.0599999999999454
2.7162790697674413,-0.25
2.7174418604651165,-0.4400000000000545
2.7186046511627904,-0.0599999999999454
2.719767441860465,-0.4400000000000545
2.7209302325581404,-0.0599999999999454
2.722093023255814,-0.25
2.7232558139534886,-0.25
2.724418604651163,-0.0599999999999454
2.7255813953488373,-0.4400000000000545
2.726744186046512,-0.0599999999999454
2.727906976744186,-0.25
2.7290697674418607,-0.25
2.730232558139535,-0.0599999999999454
2.7313953488372094,-0.4400000000000545
2.732558139534884,-0.0599999999999454
2.733720930232558,-0.4400000000000545
2.734883720930233,-0.25
2.736046511627907,-0.0599999999999454
2.737209302325581,-0.4400000000000545
2.738372093023256,-0.0599999999999454
2.73953488372093,-0.4400000000000545
2.740697674418605,-0.0599999999999454
2.7418604651162792,-0.0599999999999454
2.7430232558139536,-0.4400000000000545
2.7441860465116283,-0.0599999999999454
2.7453488372093022,-0.25
2.746511627906977,-0.0599999999999454
2.747674418604652,-0.25
2.748837209302325,-0.25
2.75,-0.0599999999999454
2.7511627906976743,-0.4400000000000545
2.752325581395349,-0.0599999999999454
2.7534883720930234,-0.25
2.7546511627906978,-0.25
2.755813953488372,0.1300000000001091
2.7569767441860464,-0.25
2.758139534883721,-0.0599999999999454
2.759302325581396,-0.25
2.76046511627907,-0.25
2.761627906976744,-0.0599999999999454
2.7627906976744185,-0.4400000000000545
2.763953488372093,-0.0599999999999454
2.765116279069768,-0.25
2.766279069767442,-0.25
2.7674418604651163,-0.0599999999999454
2.76860465116279,-0.4400000000000545
2.769767441860465,-0.0599999999999454
2.77093023255814,-0.4400000000000545
2.772093023255814,-0.25
2.7732558139534884,-0.25
2.7744186046511627,-0.4400000000000545
2.775581395348837,-0.0599999999999454
2.7767441860465123,-0.4400000000000545
2.777906976744186,-0.0599999999999454
2.7790697674418605,-0.0599999999999454
2.780232558139535,-0.25
2.781395348837209,-0.0599999999999454
2.7825581395348844,-0.4400000000000545
2.7837209302325583,-0.0599999999999454
2.7848837209302326,-0.25
2.786046511627907,-0.4400000000000545
2.7872093023255813,-0.0599999999999454
2.788372093023256,-0.4400000000000545
2.7895348837209304,-0.0599999999999454
2.7906976744186047,-0.25
2.791860465116279,-0.25
2.7930232558139534,0.1300000000001091
2.794186046511628,-0.4400000000000545
2.7953488372093025,0.1300000000001091
2.796511627906977,-0.25
2.797674418604651,-0.25
2.798837209302325,-0.0599999999999454
2.8000000000000003,-0.4400000000000545
2.8011627906976746,-0.0599999999999454
2.802325581395349,-0.4400000000000545
2.8034883720930237,-0.25
2.8046511627906976,-0.0599999999999454
2.8058139534883724,-0.4400000000000545
2.8069767441860467,0.1300000000001091
2.808139534883721,-0.4400000000000545
2.809302325581396,-0.25
2.8104651162790693,-0.0599999999999454
2.811627906976744,-0.4400000000000545
2.812790697674419,0.1300000000001091
2.813953488372093,-0.4400000000000545
2.8151162790697684,-0.0599999999999454
2.816279069767442,-0.0599999999999454
2.817441860465116,-0.4400000000000545
2.818604651162791,-0.0599999999999454
2.819767441860465,-0.4400000000000545
2.82093023255814,-0.0599999999999454
2.822093023255814,-0.25
2.823255813953488,-0.4400000000000545
2.824418604651163,-0.0599999999999454
2.8255813953488373,-0.6199999999998909
2.826744186046512,-0.0599999999999454
2.827906976744186,-0.4400000000000545
2.8290697674418603,-0.4400000000000545
2.830232558139535,-0.0599999999999454
2.831395348837209,-0.4400000000000545
2.832558139534884,-0.0599999999999454
2.833720930232558,-0.4400000000000545
2.8348837209302324,-0.25
2.836046511627907,-0.0599999999999454
2.8372093023255816,-0.4400000000000545
2.8383720930232563,-0.0599999999999454
2.83953488372093,-0.4400000000000545
2.8406976744186045,-0.25
2.8418604651162798,-0.0599999999999454
2.843023255813953,-0.4400000000000545
2.844186046511628,-0.0599999999999454
2.8453488372093023,-0.4400000000000545
2.8465116279069766,-0.25
2.8476744186046514,-0.25
2.8488372093023258,-0.4400000000000545
2.85,-0.0599999999999454
2.8511627906976744,-0.4400000000000545
2.852325581395349,-0.0599999999999454
2.853488372093024,-0.25
2.854651162790698,-0.4400000000000545
